-19,12,zjKVxa99en7WJfTZZMPTkXuloFw=,7UibRfvZocFfsVHcUL3pg7QX9yw=
-19,11,Rbaqh3Lr6b5Hw7+yPYu8TVW4AQc=,zD+glgVBOVsVy1NEngufXNp0LnE=
-18,12,zjKVxa99en7WJfTZZMPTkXuloFw=,thQ1ZvpCc9VSjVtf2uuvrzNv/NY=
-18,11,Rbaqh3Lr6b5Hw7+yPYu8TVW4AQc=,6b39zzIX93EGqdALKXMBYbNU5Lo=
-18,10,Rbaqh3Lr6b5Hw7+yPYu8TVW4AQc=,6b39zzIX93EGqdALKXMBYbNU5Lo=
-19,9,Rbaqh3Lr6b5Hw7+yPYu8TVW4AQc=,8C4F16GWOorFomrq+E8EHRIkTWU=
-19,10,Rbaqh3Lr6b5Hw7+yPYu8TVW4AQc=,zD+glgVBOVsVy1NEngufXNp0LnE=
-18,9,Rbaqh3Lr6b5Hw7+yPYu8TVW4AQc=,y78HosHnQBWE5SjgwtKntB+/eR8=
-18,8,Rbaqh3Lr6b5Hw7+yPYu8TVW4AQc=,y78HosHnQBWE5SjgwtKntB+/eR8=
-18,5,Rbaqh3Lr6b5Hw7+yPYu8TVW4AQc=,j2Dqxhs1mQQXL0L35sj1OB8R8Io=
-18,6,Rbaqh3Lr6b5Hw7+yPYu8TVW4AQc=,etn20T9+tphanpNQGEAICgo/kJk=
-19,5,Rbaqh3Lr6b5Hw7+yPYu8TVW4AQc=,he3s4ex3IZtYU/SN/Ft8G39enFM=
-19,6,Rbaqh3Lr6b5Hw7+yPYu8TVW4AQc=,pN1CTCYd++zwyVz7rDhV5K08lXs=
-19,8,Rbaqh3Lr6b5Hw7+yPYu8TVW4AQc=,8C4F16GWOorFomrq+E8EHRIkTWU=
-19,3,Rbaqh3Lr6b5Hw7+yPYu8TVW4AQc=,mMugH7Wxtv/m+tmIuWvga5PU0q8=
-18,4,Rbaqh3Lr6b5Hw7+yPYu8TVW4AQc=,j2Dqxhs1mQQXL0L35sj1OB8R8Io=
-19,4,Rbaqh3Lr6b5Hw7+yPYu8TVW4AQc=,he3s4ex3IZtYU/SN/Ft8G39enFM=
-18,7,Rbaqh3Lr6b5Hw7+yPYu8TVW4AQc=,etn20T9+tphanpNQGEAICgo/kJk=
-19,7,Rbaqh3Lr6b5Hw7+yPYu8TVW4AQc=,pN1CTCYd++zwyVz7rDhV5K08lXs=
-20,4,zjKVxa99en7WJfTZZMPTkXuloFw=,he3s4ex3IZtYU/SN/Ft8G39enFM=
-18,3,Rbaqh3Lr6b5Hw7+yPYu8TVW4AQc=,ZDMvTZv1w/Zh6PncvsCUWHRkEQ8=
-20,3,zjKVxa99en7WJfTZZMPTkXuloFw=,mMugH7Wxtv/m+tmIuWvga5PU0q8=
-17,2,zjKVxa99en7WJfTZZMPTkXuloFw=,ZDMvTZv1w/Zh6PncvsCUWHRkEQ8=
-17,1,zjKVxa99en7WJfTZZMPTkXuloFw=,A3L1v2XuLkBvYackD8WKl98KUj0=
-17,3,zjKVxa99en7WJfTZZMPTkXuloFw=,ZDMvTZv1w/Zh6PncvsCUWHRkEQ8=
-17,4,zjKVxa99en7WJfTZZMPTkXuloFw=,j2Dqxhs1mQQXL0L35sj1OB8R8Io=
-17,8,zjKVxa99en7WJfTZZMPTkXuloFw=,y78HosHnQBWE5SjgwtKntB+/eR8=
-17,5,zjKVxa99en7WJfTZZMPTkXuloFw=,j2Dqxhs1mQQXL0L35sj1OB8R8Io=
-17,7,zjKVxa99en7WJfTZZMPTkXuloFw=,etn20T9+tphanpNQGEAICgo/kJk=
-17,6,zjKVxa99en7WJfTZZMPTkXuloFw=,etn20T9+tphanpNQGEAICgo/kJk=
-17,10,zjKVxa99en7WJfTZZMPTkXuloFw=,6b39zzIX93EGqdALKXMBYbNU5Lo=
-17,9,zjKVxa99en7WJfTZZMPTkXuloFw=,y78HosHnQBWE5SjgwtKntB+/eR8=
-17,11,zjKVxa99en7WJfTZZMPTkXuloFw=,6b39zzIX93EGqdALKXMBYbNU5Lo=
-20,12,Rbaqh3Lr6b5Hw7+yPYu8TVW4AQc=,7UibRfvZocFfsVHcUL3pg7QX9yw=
-17,12,zjKVxa99en7WJfTZZMPTkXuloFw=,thQ1ZvpCc9VSjVtf2uuvrzNv/NY=
-20,11,Rbaqh3Lr6b5Hw7+yPYu8TVW4AQc=,zD+glgVBOVsVy1NEngufXNp0LnE=
-20,9,zjKVxa99en7WJfTZZMPTkXuloFw=,8C4F16GWOorFomrq+E8EHRIkTWU=
-20,10,zjKVxa99en7WJfTZZMPTkXuloFw=,zD+glgVBOVsVy1NEngufXNp0LnE=
-20,5,zjKVxa99en7WJfTZZMPTkXuloFw=,he3s4ex3IZtYU/SN/Ft8G39enFM=
-20,6,zjKVxa99en7WJfTZZMPTkXuloFw=,pN1CTCYd++zwyVz7rDhV5K08lXs=
-20,8,zjKVxa99en7WJfTZZMPTkXuloFw=,8C4F16GWOorFomrq+E8EHRIkTWU=
-20,7,zjKVxa99en7WJfTZZMPTkXuloFw=,pN1CTCYd++zwyVz7rDhV5K08lXs=
-17,0,zjKVxa99en7WJfTZZMPTkXuloFw=,A3L1v2XuLkBvYackD8WKl98KUj0=
-19,2,92OF6qr3JqfV5nVkjZtClYTu/qw=,mMugH7Wxtv/m+tmIuWvga5PU0q8=
-17,13,Rbaqh3Lr6b5Hw7+yPYu8TVW4AQc=,thQ1ZvpCc9VSjVtf2uuvrzNv/NY=
-20,2,zjKVxa99en7WJfTZZMPTkXuloFw=,mMugH7Wxtv/m+tmIuWvga5PU0q8=
-18,1,92OF6qr3JqfV5nVkjZtClYTu/qw=,A3L1v2XuLkBvYackD8WKl98KUj0=
-18,2,92OF6qr3JqfV5nVkjZtClYTu/qw=,ZDMvTZv1w/Zh6PncvsCUWHRkEQ8=
-18,0,zjKVxa99en7WJfTZZMPTkXuloFw=,A3L1v2XuLkBvYackD8WKl98KUj0=
-18,13,zjKVxa99en7WJfTZZMPTkXuloFw=,thQ1ZvpCc9VSjVtf2uuvrzNv/NY=
-19,13,Rbaqh3Lr6b5Hw7+yPYu8TVW4AQc=,7UibRfvZocFfsVHcUL3pg7QX9yw=
-20,13,zjKVxa99en7WJfTZZMPTkXuloFw=,7UibRfvZocFfsVHcUL3pg7QX9yw=
-17,14,Rbaqh3Lr6b5Hw7+yPYu8TVW4AQc=,lavkQpEBNYfMSm4watFJcGv7O3A=
-19,14,Rbaqh3Lr6b5Hw7+yPYu8TVW4AQc=,WYfHaCiSZs3HvyrJVojPFIoxnLk=
-17,15,zjKVxa99en7WJfTZZMPTkXuloFw=,lavkQpEBNYfMSm4watFJcGv7O3A=
-20,14,zjKVxa99en7WJfTZZMPTkXuloFw=,WYfHaCiSZs3HvyrJVojPFIoxnLk=
-18,14,Rbaqh3Lr6b5Hw7+yPYu8TVW4AQc=,lavkQpEBNYfMSm4watFJcGv7O3A=
-18,15,zjKVxa99en7WJfTZZMPTkXuloFw=,lavkQpEBNYfMSm4watFJcGv7O3A=
-20,15,zjKVxa99en7WJfTZZMPTkXuloFw=,WYfHaCiSZs3HvyrJVojPFIoxnLk=
-19,0,zjKVxa99en7WJfTZZMPTkXuloFw=,/+jfNa64Lup9w5dXaB6yIgUMjPE=
-19,15,zjKVxa99en7WJfTZZMPTkXuloFw=,WYfHaCiSZs3HvyrJVojPFIoxnLk=
-19,1,92OF6qr3JqfV5nVkjZtClYTu/qw=,/+jfNa64Lup9w5dXaB6yIgUMjPE=
-20,1,zjKVxa99en7WJfTZZMPTkXuloFw=,/+jfNa64Lup9w5dXaB6yIgUMjPE=
-20,0,zjKVxa99en7WJfTZZMPTkXuloFw=,/+jfNa64Lup9w5dXaB6yIgUMjPE=
-18,17,zjKVxa99en7WJfTZZMPTkXuloFw=,izUqz58fQsi5oiYu6mDOHfJwXuw=
-19,18,cDJw9SBN0oyA9LPleGZuITcvNPs=,fBTAo42NHkvtBgK8o4bsBgyhvYY=
-18,18,cDJw9SBN0oyA9LPleGZuITcvNPs=,VtHENAVbzdaDOBLUIfnTXV14RUg=
-19,17,cDJw9SBN0oyA9LPleGZuITcvNPs=,rzEJ0Qqcx2bV0bzoSUwOwmIoSak=
-19,19,cDJw9SBN0oyA9LPleGZuITcvNPs=,fBTAo42NHkvtBgK8o4bsBgyhvYY=
-17,19,cDJw9SBN0oyA9LPleGZuITcvNPs=,VtHENAVbzdaDOBLUIfnTXV14RUg=
-18,19,cDJw9SBN0oyA9LPleGZuITcvNPs=,VtHENAVbzdaDOBLUIfnTXV14RUg=
-17,17,zjKVxa99en7WJfTZZMPTkXuloFw=,izUqz58fQsi5oiYu6mDOHfJwXuw=
-17,18,cDJw9SBN0oyA9LPleGZuITcvNPs=,VtHENAVbzdaDOBLUIfnTXV14RUg=
-19,16,cDJw9SBN0oyA9LPleGZuITcvNPs=,rzEJ0Qqcx2bV0bzoSUwOwmIoSak=
-20,17,cDJw9SBN0oyA9LPleGZuITcvNPs=,rzEJ0Qqcx2bV0bzoSUwOwmIoSak=
-20,19,cDJw9SBN0oyA9LPleGZuITcvNPs=,fBTAo42NHkvtBgK8o4bsBgyhvYY=
-18,16,cDJw9SBN0oyA9LPleGZuITcvNPs=,izUqz58fQsi5oiYu6mDOHfJwXuw=
-17,16,cDJw9SBN0oyA9LPleGZuITcvNPs=,izUqz58fQsi5oiYu6mDOHfJwXuw=
-20,18,cDJw9SBN0oyA9LPleGZuITcvNPs=,fBTAo42NHkvtBgK8o4bsBgyhvYY=
-20,16,cDJw9SBN0oyA9LPleGZuITcvNPs=,rzEJ0Qqcx2bV0bzoSUwOwmIoSak=
-8,17,Pkt359wCT7yV3n43nUW3gKr+lXY=,rB28r09AhtZarot5dFW5mev7O4M=
-9,18,Pkt359wCT7yV3n43nUW3gKr+lXY=,UwGKl9ORO55CboPsKBPocKpxjdc=
-8,18,Pkt359wCT7yV3n43nUW3gKr+lXY=,JDeCex9RBKUis2D4ebXP8JZWel4=
-9,17,Pkt359wCT7yV3n43nUW3gKr+lXY=,cGKYRBhOTmmdcdIlw/1VCoGCaLM=
-11,18,/MpWNGesdM8sUddOqVKGvLJVWUY=,h06DCtxX7l1/72we4FQFyE77w3M=
-10,17,Pkt359wCT7yV3n43nUW3gKr+lXY=,cGKYRBhOTmmdcdIlw/1VCoGCaLM=
-10,18,/MpWNGesdM8sUddOqVKGvLJVWUY=,UwGKl9ORO55CboPsKBPocKpxjdc=
-11,17,/MpWNGesdM8sUddOqVKGvLJVWUY=,PztuErQ7f1IkqTW6GZu+s6+nNgM=
-6,18,Pkt359wCT7yV3n43nUW3gKr+lXY=,RhO8amKShUsq84JMC2KjdjsgnGY=
-4,18,Pkt359wCT7yV3n43nUW3gKr+lXY=,60zMmaXjmdWMr6ySQ0EZmEqwHf0=
-5,18,Pkt359wCT7yV3n43nUW3gKr+lXY=,RhO8amKShUsq84JMC2KjdjsgnGY=
-4,17,Pkt359wCT7yV3n43nUW3gKr+lXY=,DuEGeL651TaDFVXM7h7YdNn0qaI=
-5,17,Pkt359wCT7yV3n43nUW3gKr+lXY=,8+hD9F+Epf81FyIId+s2YkM0Qms=
-7,18,Pkt359wCT7yV3n43nUW3gKr+lXY=,JDeCex9RBKUis2D4ebXP8JZWel4=
-7,17,Pkt359wCT7yV3n43nUW3gKr+lXY=,rB28r09AhtZarot5dFW5mev7O4M=
-6,17,Pkt359wCT7yV3n43nUW3gKr+lXY=,8+hD9F+Epf81FyIId+s2YkM0Qms=
-5,16,/MpWNGesdM8sUddOqVKGvLJVWUY=,8+hD9F+Epf81FyIId+s2YkM0Qms=
-6,16,/MpWNGesdM8sUddOqVKGvLJVWUY=,8+hD9F+Epf81FyIId+s2YkM0Qms=
-4,16,/MpWNGesdM8sUddOqVKGvLJVWUY=,DuEGeL651TaDFVXM7h7YdNn0qaI=
-7,16,/MpWNGesdM8sUddOqVKGvLJVWUY=,rB28r09AhtZarot5dFW5mev7O4M=
-10,16,/MpWNGesdM8sUddOqVKGvLJVWUY=,cGKYRBhOTmmdcdIlw/1VCoGCaLM=
-11,16,/MpWNGesdM8sUddOqVKGvLJVWUY=,PztuErQ7f1IkqTW6GZu+s6+nNgM=
-9,16,/MpWNGesdM8sUddOqVKGvLJVWUY=,cGKYRBhOTmmdcdIlw/1VCoGCaLM=
-8,16,/MpWNGesdM8sUddOqVKGvLJVWUY=,rB28r09AhtZarot5dFW5mev7O4M=
-3,19,/MpWNGesdM8sUddOqVKGvLJVWUY=,60zMmaXjmdWMr6ySQ0EZmEqwHf0=
-2,19,/MpWNGesdM8sUddOqVKGvLJVWUY=,IGkK3jLYGBydd61uRQQ6f8zCl6U=
-2,18,Pkt359wCT7yV3n43nUW3gKr+lXY=,IGkK3jLYGBydd61uRQQ6f8zCl6U=
-1,18,/MpWNGesdM8sUddOqVKGvLJVWUY=,IGkK3jLYGBydd61uRQQ6f8zCl6U=
-3,17,Pkt359wCT7yV3n43nUW3gKr+lXY=,DuEGeL651TaDFVXM7h7YdNn0qaI=
-2,17,Pkt359wCT7yV3n43nUW3gKr+lXY=,nw33QicDRxZRUG2riaf+Glm913U=
-2,16,/MpWNGesdM8sUddOqVKGvLJVWUY=,nw33QicDRxZRUG2riaf+Glm913U=
-3,16,/MpWNGesdM8sUddOqVKGvLJVWUY=,DuEGeL651TaDFVXM7h7YdNn0qaI=
-3,18,Pkt359wCT7yV3n43nUW3gKr+lXY=,60zMmaXjmdWMr6ySQ0EZmEqwHf0=
-1,17,/MpWNGesdM8sUddOqVKGvLJVWUY=,nw33QicDRxZRUG2riaf+Glm913U=
-13,17,/MpWNGesdM8sUddOqVKGvLJVWUY=,Jsl0rF7mNShIY006m1pHvNEp5rc=
-13,16,/MpWNGesdM8sUddOqVKGvLJVWUY=,Jsl0rF7mNShIY006m1pHvNEp5rc=
-12,17,/MpWNGesdM8sUddOqVKGvLJVWUY=,PztuErQ7f1IkqTW6GZu+s6+nNgM=
-13,18,/MpWNGesdM8sUddOqVKGvLJVWUY=,7dSz31AEqOfU6q7zgtzN1b8Xafo=
-12,16,/MpWNGesdM8sUddOqVKGvLJVWUY=,PztuErQ7f1IkqTW6GZu+s6+nNgM=
-12,18,/MpWNGesdM8sUddOqVKGvLJVWUY=,h06DCtxX7l1/72we4FQFyE77w3M=
-8,19,/MpWNGesdM8sUddOqVKGvLJVWUY=,JDeCex9RBKUis2D4ebXP8JZWel4=
-7,19,/MpWNGesdM8sUddOqVKGvLJVWUY=,JDeCex9RBKUis2D4ebXP8JZWel4=
-5,19,/MpWNGesdM8sUddOqVKGvLJVWUY=,RhO8amKShUsq84JMC2KjdjsgnGY=
-4,19,/MpWNGesdM8sUddOqVKGvLJVWUY=,60zMmaXjmdWMr6ySQ0EZmEqwHf0=
-9,19,/MpWNGesdM8sUddOqVKGvLJVWUY=,UwGKl9ORO55CboPsKBPocKpxjdc=
-1,19,/MpWNGesdM8sUddOqVKGvLJVWUY=,IGkK3jLYGBydd61uRQQ6f8zCl6U=
-10,19,/MpWNGesdM8sUddOqVKGvLJVWUY=,UwGKl9ORO55CboPsKBPocKpxjdc=
-14,17,/MpWNGesdM8sUddOqVKGvLJVWUY=,Jsl0rF7mNShIY006m1pHvNEp5rc=
-16,16,/MpWNGesdM8sUddOqVKGvLJVWUY=,yEn5vzF32tPlE2Ovygwr5XCzbgk=
-1,16,/MpWNGesdM8sUddOqVKGvLJVWUY=,nw33QicDRxZRUG2riaf+Glm913U=
-16,18,/MpWNGesdM8sUddOqVKGvLJVWUY=,KGzZe85fBccuAasYZgeiZWjQwSc=
-15,16,/MpWNGesdM8sUddOqVKGvLJVWUY=,yEn5vzF32tPlE2Ovygwr5XCzbgk=
-13,19,/MpWNGesdM8sUddOqVKGvLJVWUY=,7dSz31AEqOfU6q7zgtzN1b8Xafo=
-12,19,/MpWNGesdM8sUddOqVKGvLJVWUY=,h06DCtxX7l1/72we4FQFyE77w3M=
-15,19,/MpWNGesdM8sUddOqVKGvLJVWUY=,KGzZe85fBccuAasYZgeiZWjQwSc=
-14,16,/MpWNGesdM8sUddOqVKGvLJVWUY=,Jsl0rF7mNShIY006m1pHvNEp5rc=
-15,18,/MpWNGesdM8sUddOqVKGvLJVWUY=,KGzZe85fBccuAasYZgeiZWjQwSc=
-14,19,/MpWNGesdM8sUddOqVKGvLJVWUY=,7dSz31AEqOfU6q7zgtzN1b8Xafo=
-14,18,/MpWNGesdM8sUddOqVKGvLJVWUY=,7dSz31AEqOfU6q7zgtzN1b8Xafo=
-11,19,/MpWNGesdM8sUddOqVKGvLJVWUY=,h06DCtxX7l1/72we4FQFyE77w3M=
-15,17,/MpWNGesdM8sUddOqVKGvLJVWUY=,yEn5vzF32tPlE2Ovygwr5XCzbgk=
-16,19,/MpWNGesdM8sUddOqVKGvLJVWUY=,KGzZe85fBccuAasYZgeiZWjQwSc=
-16,17,/MpWNGesdM8sUddOqVKGvLJVWUY=,yEn5vzF32tPlE2Ovygwr5XCzbgk=
-6,19,/MpWNGesdM8sUddOqVKGvLJVWUY=,RhO8amKShUsq84JMC2KjdjsgnGY=
-3,2,Z0niSB2+7pT2/Qf/k5Z0plmOChU=,noyRSaTwgCEQp3W0igKJUdq8TSM=
-2,2,Z0niSB2+7pT2/Qf/k5Z0plmOChU=,dyjdRBhpbvPJ6lPmIZXLvpWjk9w=
-2,1,Z0niSB2+7pT2/Qf/k5Z0plmOChU=,70IBomU3yWaosSc7jWasvKNGalY=
-3,1,Z0niSB2+7pT2/Qf/k5Z0plmOChU=,TWb5VQ4z2j9KZMgJsIDIZCMSDJ0=
-4,2,Z0niSB2+7pT2/Qf/k5Z0plmOChU=,noyRSaTwgCEQp3W0igKJUdq8TSM=
-5,2,Z0niSB2+7pT2/Qf/k5Z0plmOChU=,VlfI+qwn+9whSXRYbvgDwmhMtC4=
-5,1,Z0niSB2+7pT2/Qf/k5Z0plmOChU=,BVa6zS17zxKj5YJd8rNTHWfScnM=
-4,1,Z0niSB2+7pT2/Qf/k5Z0plmOChU=,TWb5VQ4z2j9KZMgJsIDIZCMSDJ0=
-4,4,bjVn/1Xf+GGafieY5d2gH4BpBMU=,sLgwCvhNM3KFOKlYmh7M9kfWsw8=
-5,3,bjVn/1Xf+GGafieY5d2gH4BpBMU=,VlfI+qwn+9whSXRYbvgDwmhMtC4=
-5,4,bjVn/1Xf+GGafieY5d2gH4BpBMU=,1CwW8PARAQnmiOXe093EYlH7Dz0=
-4,3,bjVn/1Xf+GGafieY5d2gH4BpBMU=,noyRSaTwgCEQp3W0igKJUdq8TSM=
-2,4,bjVn/1Xf+GGafieY5d2gH4BpBMU=,3c7eFMDOxQWSFh4W5Kq/T15FHP8=
-7,2,Z0niSB2+7pT2/Qf/k5Z0plmOChU=,3sZt6cyJ9WFyrxmFIHyQlvacahs=
-3,4,bjVn/1Xf+GGafieY5d2gH4BpBMU=,sLgwCvhNM3KFOKlYmh7M9kfWsw8=
-6,1,Z0niSB2+7pT2/Qf/k5Z0plmOChU=,BVa6zS17zxKj5YJd8rNTHWfScnM=
-6,2,Z0niSB2+7pT2/Qf/k5Z0plmOChU=,VlfI+qwn+9whSXRYbvgDwmhMtC4=
-3,3,bjVn/1Xf+GGafieY5d2gH4BpBMU=,noyRSaTwgCEQp3W0igKJUdq8TSM=
-7,1,Z0niSB2+7pT2/Qf/k5Z0plmOChU=,hdLf7BLADz6qYLQI+uU/CmiAUeo=
-2,3,bjVn/1Xf+GGafieY5d2gH4BpBMU=,dyjdRBhpbvPJ6lPmIZXLvpWjk9w=
-6,4,v8qKH8d1gxd4UytwoBAaRMoidgI=,1CwW8PARAQnmiOXe093EYlH7Dz0=
-7,4,bjVn/1Xf+GGafieY5d2gH4BpBMU=,0a3rDgoT85ZpLVDmqnMymMH4q6M=
-6,3,bjVn/1Xf+GGafieY5d2gH4BpBMU=,VlfI+qwn+9whSXRYbvgDwmhMtC4=
-7,3,bjVn/1Xf+GGafieY5d2gH4BpBMU=,3sZt6cyJ9WFyrxmFIHyQlvacahs=
-6,6,hKWkrU+X7kHAWgYPaZfCl6LOYl8=,AJ1y4e96JByWHedNjFkmK281eyw=
-6,5,hKWkrU+X7kHAWgYPaZfCl6LOYl8=,1CwW8PARAQnmiOXe093EYlH7Dz0=
-7,6,hKWkrU+X7kHAWgYPaZfCl6LOYl8=,60WcJpqkZVCw9DL7/VCvlyXOAwk=
-7,5,hKWkrU+X7kHAWgYPaZfCl6LOYl8=,0a3rDgoT85ZpLVDmqnMymMH4q6M=
-7,8,hKWkrU+X7kHAWgYPaZfCl6LOYl8=,hUkDGroZKW1y3HyjBkKfQWOD5J0=
-6,7,hKWkrU+X7kHAWgYPaZfCl6LOYl8=,AJ1y4e96JByWHedNjFkmK281eyw=
-6,8,hKWkrU+X7kHAWgYPaZfCl6LOYl8=,YCTamNvccbJiQ+imsTayzRhig3o=
-7,7,hKWkrU+X7kHAWgYPaZfCl6LOYl8=,60WcJpqkZVCw9DL7/VCvlyXOAwk=
-4,10,Qp4DvbsxEEcxw7souExnD4aru1g=,T9VtelSf73jNXloXaKc0+EBCxIo=
-4,9,Qp4DvbsxEEcxw7souExnD4aru1g=,fcM0PwNDaeMbYcxryjwUYv67MUk=
-5,9,Qp4DvbsxEEcxw7souExnD4aru1g=,YCTamNvccbJiQ+imsTayzRhig3o=
-5,10,Qp4DvbsxEEcxw7souExnD4aru1g=,RIVN1jKzTNif3BaxcDPhwoXXxEI=
-7,10,hKWkrU+X7kHAWgYPaZfCl6LOYl8=,IfRc3izRHaVkKJz25JZ/VHilniQ=
-7,9,Qp4DvbsxEEcxw7souExnD4aru1g=,hUkDGroZKW1y3HyjBkKfQWOD5J0=
-6,10,Qp4DvbsxEEcxw7souExnD4aru1g=,RIVN1jKzTNif3BaxcDPhwoXXxEI=
-6,9,Qp4DvbsxEEcxw7souExnD4aru1g=,YCTamNvccbJiQ+imsTayzRhig3o=
-2,10,hKWkrU+X7kHAWgYPaZfCl6LOYl8=,iYpHG/FtLq/hQedKqFKb8jFdp1o=
-3,10,hKWkrU+X7kHAWgYPaZfCl6LOYl8=,T9VtelSf73jNXloXaKc0+EBCxIo=
-2,9,hKWkrU+X7kHAWgYPaZfCl6LOYl8=,3jQ8s5Jf3qyFIO+aT8AdI7H4H5c=
-3,9,hKWkrU+X7kHAWgYPaZfCl6LOYl8=,fcM0PwNDaeMbYcxryjwUYv67MUk=
-4,11,Qp4DvbsxEEcxw7souExnD4aru1g=,T9VtelSf73jNXloXaKc0+EBCxIo=
-7,12,Qp4DvbsxEEcxw7souExnD4aru1g=,XgRVdtt+882pc/wY76IhtvzGuzE=
-5,12,Qp4DvbsxEEcxw7souExnD4aru1g=,bF6f2ziJuWzC0kN0rz3quJgw8RE=
-6,11,Qp4DvbsxEEcxw7souExnD4aru1g=,RIVN1jKzTNif3BaxcDPhwoXXxEI=
-5,11,Qp4DvbsxEEcxw7souExnD4aru1g=,RIVN1jKzTNif3BaxcDPhwoXXxEI=
-7,11,Qp4DvbsxEEcxw7souExnD4aru1g=,IfRc3izRHaVkKJz25JZ/VHilniQ=
-6,12,Qp4DvbsxEEcxw7souExnD4aru1g=,bF6f2ziJuWzC0kN0rz3quJgw8RE=
-2,12,Qp4DvbsxEEcxw7souExnD4aru1g=,4sd/7at477UBaFqOwGCINa1jvic=
-4,12,Qp4DvbsxEEcxw7souExnD4aru1g=,GxdJ/X0yOqTUvYxpHm2zMoOFY8c=
-3,11,Qp4DvbsxEEcxw7souExnD4aru1g=,T9VtelSf73jNXloXaKc0+EBCxIo=
-3,12,Qp4DvbsxEEcxw7souExnD4aru1g=,GxdJ/X0yOqTUvYxpHm2zMoOFY8c=
-2,11,Qp4DvbsxEEcxw7souExnD4aru1g=,iYpHG/FtLq/hQedKqFKb8jFdp1o=
-4,14,Qp4DvbsxEEcxw7souExnD4aru1g=,SdIpls/J2IkxqbXTxHiC8ENIXNg=
-4,13,Qp4DvbsxEEcxw7souExnD4aru1g=,GxdJ/X0yOqTUvYxpHm2zMoOFY8c=
-5,13,Qp4DvbsxEEcxw7souExnD4aru1g=,bF6f2ziJuWzC0kN0rz3quJgw8RE=
-5,14,Qp4DvbsxEEcxw7souExnD4aru1g=,8EB0KMEIzU8qhaaKGC3YgcIKsa4=
-2,14,Qp4DvbsxEEcxw7souExnD4aru1g=,u0gEuiCyAFOopfBWEX6HzVLmVMw=
-3,14,Qp4DvbsxEEcxw7souExnD4aru1g=,SdIpls/J2IkxqbXTxHiC8ENIXNg=
-2,13,Qp4DvbsxEEcxw7souExnD4aru1g=,4sd/7at477UBaFqOwGCINa1jvic=
-3,13,Qp4DvbsxEEcxw7souExnD4aru1g=,GxdJ/X0yOqTUvYxpHm2zMoOFY8c=
-7,14,hKWkrU+X7kHAWgYPaZfCl6LOYl8=,bKhcfigsqwBXHLwnOsnjFokbfXw=
-6,14,hKWkrU+X7kHAWgYPaZfCl6LOYl8=,8EB0KMEIzU8qhaaKGC3YgcIKsa4=
-9,13,2RDv0DRSFRze4u47t1e3acQ0z64=,denJ7Uvaq43FEQpCziuMmjk7F+E=
-6,13,hKWkrU+X7kHAWgYPaZfCl6LOYl8=,bF6f2ziJuWzC0kN0rz3quJgw8RE=
-9,14,hKWkrU+X7kHAWgYPaZfCl6LOYl8=,eDH87DBkxo3SLvuyKOGIuKlJ9v0=
-7,13,hKWkrU+X7kHAWgYPaZfCl6LOYl8=,XgRVdtt+882pc/wY76IhtvzGuzE=
-8,14,hKWkrU+X7kHAWgYPaZfCl6LOYl8=,bKhcfigsqwBXHLwnOsnjFokbfXw=
-8,13,hKWkrU+X7kHAWgYPaZfCl6LOYl8=,XgRVdtt+882pc/wY76IhtvzGuzE=
-11,14,hKWkrU+X7kHAWgYPaZfCl6LOYl8=,qH9bVn62nIJY6Z7g2807Eswn9jM=
-10,13,2RDv0DRSFRze4u47t1e3acQ0z64=,denJ7Uvaq43FEQpCziuMmjk7F+E=
-11,13,hKWkrU+X7kHAWgYPaZfCl6LOYl8=,eZUsL63Yv0u4S9Zpw3ias4IFuhM=
-10,14,hKWkrU+X7kHAWgYPaZfCl6LOYl8=,eDH87DBkxo3SLvuyKOGIuKlJ9v0=
-12,13,2RDv0DRSFRze4u47t1e3acQ0z64=,eZUsL63Yv0u4S9Zpw3ias4IFuhM=
-12,14,2RDv0DRSFRze4u47t1e3acQ0z64=,qH9bVn62nIJY6Z7g2807Eswn9jM=
-13,14,2RDv0DRSFRze4u47t1e3acQ0z64=,hAE2yolfuRx/mUBtkqNJt1Be9+c=
-13,13,2RDv0DRSFRze4u47t1e3acQ0z64=,5fg6qgaUtG9ZGOe2AksLMXSMBcE=
-12,12,yh2N4F2XSus/WZydX9eLunuwIK4=,eZUsL63Yv0u4S9Zpw3ias4IFuhM=
-12,11,yh2N4F2XSus/WZydX9eLunuwIK4=,8Ai89DzP+mT9BMDNF+8alGRS/cQ=
-13,12,yh2N4F2XSus/WZydX9eLunuwIK4=,5fg6qgaUtG9ZGOe2AksLMXSMBcE=
-13,11,yh2N4F2XSus/WZydX9eLunuwIK4=,0QBr5HFIzR3LDLirfmELdRioOwM=
-12,9,yh2N4F2XSus/WZydX9eLunuwIK4=,DIP9bC574VyZlYmxIfpaxh4Z5jk=
-13,10,yh2N4F2XSus/WZydX9eLunuwIK4=,0QBr5HFIzR3LDLirfmELdRioOwM=
-12,10,yh2N4F2XSus/WZydX9eLunuwIK4=,8Ai89DzP+mT9BMDNF+8alGRS/cQ=
-13,9,yh2N4F2XSus/WZydX9eLunuwIK4=,WVbtKeI+e+Pt8IWaPmj71byp5Cc=
-12,8,yh2N4F2XSus/WZydX9eLunuwIK4=,DIP9bC574VyZlYmxIfpaxh4Z5jk=
-12,7,yh2N4F2XSus/WZydX9eLunuwIK4=,dPInSqQJ8m3paoAhyL8XsBaXRSY=
-13,8,yh2N4F2XSus/WZydX9eLunuwIK4=,WVbtKeI+e+Pt8IWaPmj71byp5Cc=
-13,7,yh2N4F2XSus/WZydX9eLunuwIK4=,X0PtIBkj4rQnimd+ciuAnHg1lxU=
-12,6,yh2N4F2XSus/WZydX9eLunuwIK4=,dPInSqQJ8m3paoAhyL8XsBaXRSY=
-12,5,Z0niSB2+7pT2/Qf/k5Z0plmOChU=,hEO/p7/iK121S7kXk6DqwKY7YlI=
-13,6,yh2N4F2XSus/WZydX9eLunuwIK4=,X0PtIBkj4rQnimd+ciuAnHg1lxU=
-13,5,yh2N4F2XSus/WZydX9eLunuwIK4=,meVE/Rienceb2hQz1jBVva9Ex9Q=
-12,4,yh2N4F2XSus/WZydX9eLunuwIK4=,hEO/p7/iK121S7kXk6DqwKY7YlI=
-12,3,yh2N4F2XSus/WZydX9eLunuwIK4=,2U5+eeS04cDf6j4HP//9ldpe1xw=
-13,4,yh2N4F2XSus/WZydX9eLunuwIK4=,meVE/Rienceb2hQz1jBVva9Ex9Q=
-13,3,yh2N4F2XSus/WZydX9eLunuwIK4=,UshAPTtbb7/mrwBe0SQaxYW4ivA=
-14,4,2RDv0DRSFRze4u47t1e3acQ0z64=,meVE/Rienceb2hQz1jBVva9Ex9Q=
-14,3,2RDv0DRSFRze4u47t1e3acQ0z64=,UshAPTtbb7/mrwBe0SQaxYW4ivA=
-12,2,Z0niSB2+7pT2/Qf/k5Z0plmOChU=,2U5+eeS04cDf6j4HP//9ldpe1xw=
-15,4,2RDv0DRSFRze4u47t1e3acQ0z64=,wu8Xa5lyFFqKbzBUbfdEMF0Lbl4=
-15,3,2RDv0DRSFRze4u47t1e3acQ0z64=,S49zkNEs47PMFtj6I9y6QFjYV+c=
-12,1,Z0niSB2+7pT2/Qf/k5Z0plmOChU=,BeMhDmrJL8pzxaMVu31meQlKm70=
-14,2,2RDv0DRSFRze4u47t1e3acQ0z64=,UshAPTtbb7/mrwBe0SQaxYW4ivA=
-13,2,Z0niSB2+7pT2/Qf/k5Z0plmOChU=,UshAPTtbb7/mrwBe0SQaxYW4ivA=
-13,1,Z0niSB2+7pT2/Qf/k5Z0plmOChU=,qT92EWuj0falVkCNoA1wnBYz1+s=
-11,2,Z0niSB2+7pT2/Qf/k5Z0plmOChU=,2U5+eeS04cDf6j4HP//9ldpe1xw=
-15,2,2RDv0DRSFRze4u47t1e3acQ0z64=,S49zkNEs47PMFtj6I9y6QFjYV+c=
-11,1,Z0niSB2+7pT2/Qf/k5Z0plmOChU=,BeMhDmrJL8pzxaMVu31meQlKm70=
-15,1,2RDv0DRSFRze4u47t1e3acQ0z64=,rg93xT1u4prflsElrbk/ue1OdyI=
-8,2,Z0niSB2+7pT2/Qf/k5Z0plmOChU=,3sZt6cyJ9WFyrxmFIHyQlvacahs=
-8,1,Z0niSB2+7pT2/Qf/k5Z0plmOChU=,hdLf7BLADz6qYLQI+uU/CmiAUeo=
-14,1,2RDv0DRSFRze4u47t1e3acQ0z64=,qT92EWuj0falVkCNoA1wnBYz1+s=
-11,6,yh2N4F2XSus/WZydX9eLunuwIK4=,dPInSqQJ8m3paoAhyL8XsBaXRSY=
-8,5,v8qKH8d1gxd4UytwoBAaRMoidgI=,0a3rDgoT85ZpLVDmqnMymMH4q6M=
-9,2,Z0niSB2+7pT2/Qf/k5Z0plmOChU=,DljnQoXfgAa1iA5YqpP1NMEGGIk=
-10,2,Z0niSB2+7pT2/Qf/k5Z0plmOChU=,DljnQoXfgAa1iA5YqpP1NMEGGIk=
-10,1,Z0niSB2+7pT2/Qf/k5Z0plmOChU=,j95/QImuI/GfyJxaEaLV1lFijxY=
-11,5,yh2N4F2XSus/WZydX9eLunuwIK4=,hEO/p7/iK121S7kXk6DqwKY7YlI=
-8,3,bjVn/1Xf+GGafieY5d2gH4BpBMU=,3sZt6cyJ9WFyrxmFIHyQlvacahs=
-9,3,v8qKH8d1gxd4UytwoBAaRMoidgI=,DljnQoXfgAa1iA5YqpP1NMEGGIk=
-10,5,yh2N4F2XSus/WZydX9eLunuwIK4=,N0MN70vA0m+W5A81O4xwt6mdqJI=
-9,5,v8qKH8d1gxd4UytwoBAaRMoidgI=,N0MN70vA0m+W5A81O4xwt6mdqJI=
-10,6,yh2N4F2XSus/WZydX9eLunuwIK4=,N3Tj6RS2WWLn7anoIiDtkEjBW8w=
-10,3,yh2N4F2XSus/WZydX9eLunuwIK4=,DljnQoXfgAa1iA5YqpP1NMEGGIk=
-11,3,Z0niSB2+7pT2/Qf/k5Z0plmOChU=,2U5+eeS04cDf6j4HP//9ldpe1xw=
-11,4,yh2N4F2XSus/WZydX9eLunuwIK4=,hEO/p7/iK121S7kXk6DqwKY7YlI=
-10,4,yh2N4F2XSus/WZydX9eLunuwIK4=,N0MN70vA0m+W5A81O4xwt6mdqJI=
-8,6,v8qKH8d1gxd4UytwoBAaRMoidgI=,60WcJpqkZVCw9DL7/VCvlyXOAwk=
-9,6,v8qKH8d1gxd4UytwoBAaRMoidgI=,N3Tj6RS2WWLn7anoIiDtkEjBW8w=
-8,4,bjVn/1Xf+GGafieY5d2gH4BpBMU=,0a3rDgoT85ZpLVDmqnMymMH4q6M=
-1,4,Z0niSB2+7pT2/Qf/k5Z0plmOChU=,3c7eFMDOxQWSFh4W5Kq/T15FHP8=
-1,2,Z0niSB2+7pT2/Qf/k5Z0plmOChU=,dyjdRBhpbvPJ6lPmIZXLvpWjk9w=
-1,3,Z0niSB2+7pT2/Qf/k5Z0plmOChU=,dyjdRBhpbvPJ6lPmIZXLvpWjk9w=
-1,1,Z0niSB2+7pT2/Qf/k5Z0plmOChU=,70IBomU3yWaosSc7jWasvKNGalY=
-8,7,v8qKH8d1gxd4UytwoBAaRMoidgI=,60WcJpqkZVCw9DL7/VCvlyXOAwk=
-9,1,Z0niSB2+7pT2/Qf/k5Z0plmOChU=,j95/QImuI/GfyJxaEaLV1lFijxY=
-10,7,yh2N4F2XSus/WZydX9eLunuwIK4=,N3Tj6RS2WWLn7anoIiDtkEjBW8w=
-9,4,v8qKH8d1gxd4UytwoBAaRMoidgI=,N0MN70vA0m+W5A81O4xwt6mdqJI=
-11,8,yh2N4F2XSus/WZydX9eLunuwIK4=,DIP9bC574VyZlYmxIfpaxh4Z5jk=
-9,7,v8qKH8d1gxd4UytwoBAaRMoidgI=,N3Tj6RS2WWLn7anoIiDtkEjBW8w=
-11,7,yh2N4F2XSus/WZydX9eLunuwIK4=,dPInSqQJ8m3paoAhyL8XsBaXRSY=
-1,10,hKWkrU+X7kHAWgYPaZfCl6LOYl8=,iYpHG/FtLq/hQedKqFKb8jFdp1o=
-1,9,hKWkrU+X7kHAWgYPaZfCl6LOYl8=,3jQ8s5Jf3qyFIO+aT8AdI7H4H5c=
-10,12,yh2N4F2XSus/WZydX9eLunuwIK4=,denJ7Uvaq43FEQpCziuMmjk7F+E=
-8,8,v8qKH8d1gxd4UytwoBAaRMoidgI=,hUkDGroZKW1y3HyjBkKfQWOD5J0=
-9,12,v8qKH8d1gxd4UytwoBAaRMoidgI=,denJ7Uvaq43FEQpCziuMmjk7F+E=
-9,8,v8qKH8d1gxd4UytwoBAaRMoidgI=,9rktgWePobCvfXxWfrEfRG1iZhI=
-11,10,yh2N4F2XSus/WZydX9eLunuwIK4=,8Ai89DzP+mT9BMDNF+8alGRS/cQ=
-10,9,yh2N4F2XSus/WZydX9eLunuwIK4=,9rktgWePobCvfXxWfrEfRG1iZhI=
-8,12,v8qKH8d1gxd4UytwoBAaRMoidgI=,XgRVdtt+882pc/wY76IhtvzGuzE=
-8,11,v8qKH8d1gxd4UytwoBAaRMoidgI=,IfRc3izRHaVkKJz25JZ/VHilniQ=
-11,9,yh2N4F2XSus/WZydX9eLunuwIK4=,DIP9bC574VyZlYmxIfpaxh4Z5jk=
-1,12,hKWkrU+X7kHAWgYPaZfCl6LOYl8=,4sd/7at477UBaFqOwGCINa1jvic=
-1,11,hKWkrU+X7kHAWgYPaZfCl6LOYl8=,iYpHG/FtLq/hQedKqFKb8jFdp1o=
-11,12,yh2N4F2XSus/WZydX9eLunuwIK4=,eZUsL63Yv0u4S9Zpw3ias4IFuhM=
-5,8,hKWkrU+X7kHAWgYPaZfCl6LOYl8=,YCTamNvccbJiQ+imsTayzRhig3o=
-4,8,hKWkrU+X7kHAWgYPaZfCl6LOYl8=,fcM0PwNDaeMbYcxryjwUYv67MUk=
-1,14,hKWkrU+X7kHAWgYPaZfCl6LOYl8=,u0gEuiCyAFOopfBWEX6HzVLmVMw=
-8,10,v8qKH8d1gxd4UytwoBAaRMoidgI=,IfRc3izRHaVkKJz25JZ/VHilniQ=
-1,13,hKWkrU+X7kHAWgYPaZfCl6LOYl8=,4sd/7at477UBaFqOwGCINa1jvic=
-8,9,v8qKH8d1gxd4UytwoBAaRMoidgI=,hUkDGroZKW1y3HyjBkKfQWOD5J0=
-10,8,yh2N4F2XSus/WZydX9eLunuwIK4=,9rktgWePobCvfXxWfrEfRG1iZhI=
-5,7,hKWkrU+X7kHAWgYPaZfCl6LOYl8=,AJ1y4e96JByWHedNjFkmK281eyw=
-5,6,hKWkrU+X7kHAWgYPaZfCl6LOYl8=,AJ1y4e96JByWHedNjFkmK281eyw=
-2,15,hKWkrU+X7kHAWgYPaZfCl6LOYl8=,u0gEuiCyAFOopfBWEX6HzVLmVMw=
-5,5,hKWkrU+X7kHAWgYPaZfCl6LOYl8=,1CwW8PARAQnmiOXe093EYlH7Dz0=
-11,11,yh2N4F2XSus/WZydX9eLunuwIK4=,8Ai89DzP+mT9BMDNF+8alGRS/cQ=
-9,9,v8qKH8d1gxd4UytwoBAaRMoidgI=,9rktgWePobCvfXxWfrEfRG1iZhI=
-3,15,hKWkrU+X7kHAWgYPaZfCl6LOYl8=,SdIpls/J2IkxqbXTxHiC8ENIXNg=
-9,10,v8qKH8d1gxd4UytwoBAaRMoidgI=,zGIGE5yXrI2oOKfBgjVjig+0jIE=
-4,5,hKWkrU+X7kHAWgYPaZfCl6LOYl8=,sLgwCvhNM3KFOKlYmh7M9kfWsw8=
-10,10,yh2N4F2XSus/WZydX9eLunuwIK4=,zGIGE5yXrI2oOKfBgjVjig+0jIE=
-4,6,hKWkrU+X7kHAWgYPaZfCl6LOYl8=,lvhaPCvR/dhNeGsXjKO4hkUXrmE=
-9,11,v8qKH8d1gxd4UytwoBAaRMoidgI=,zGIGE5yXrI2oOKfBgjVjig+0jIE=
-8,15,FFvEX2Ni+YP9wxOGR9puqSyXVeM=,bKhcfigsqwBXHLwnOsnjFokbfXw=
-9,15,FFvEX2Ni+YP9wxOGR9puqSyXVeM=,eDH87DBkxo3SLvuyKOGIuKlJ9v0=
-10,11,yh2N4F2XSus/WZydX9eLunuwIK4=,zGIGE5yXrI2oOKfBgjVjig+0jIE=
-4,7,hKWkrU+X7kHAWgYPaZfCl6LOYl8=,lvhaPCvR/dhNeGsXjKO4hkUXrmE=
-4,15,hKWkrU+X7kHAWgYPaZfCl6LOYl8=,SdIpls/J2IkxqbXTxHiC8ENIXNg=
-7,15,FFvEX2Ni+YP9wxOGR9puqSyXVeM=,bKhcfigsqwBXHLwnOsnjFokbfXw=
-6,15,FFvEX2Ni+YP9wxOGR9puqSyXVeM=,8EB0KMEIzU8qhaaKGC3YgcIKsa4=
-12,15,FFvEX2Ni+YP9wxOGR9puqSyXVeM=,qH9bVn62nIJY6Z7g2807Eswn9jM=
-1,5,Z0niSB2+7pT2/Qf/k5Z0plmOChU=,3c7eFMDOxQWSFh4W5Kq/T15FHP8=
-3,8,hKWkrU+X7kHAWgYPaZfCl6LOYl8=,fcM0PwNDaeMbYcxryjwUYv67MUk=
-5,15,hKWkrU+X7kHAWgYPaZfCl6LOYl8=,8EB0KMEIzU8qhaaKGC3YgcIKsa4=
-2,5,bjVn/1Xf+GGafieY5d2gH4BpBMU=,3c7eFMDOxQWSFh4W5Kq/T15FHP8=
-13,15,FFvEX2Ni+YP9wxOGR9puqSyXVeM=,hAE2yolfuRx/mUBtkqNJt1Be9+c=
-3,5,bjVn/1Xf+GGafieY5d2gH4BpBMU=,sLgwCvhNM3KFOKlYmh7M9kfWsw8=
-11,15,2RDv0DRSFRze4u47t1e3acQ0z64=,qH9bVn62nIJY6Z7g2807Eswn9jM=
-10,15,2RDv0DRSFRze4u47t1e3acQ0z64=,eDH87DBkxo3SLvuyKOGIuKlJ9v0=
-1,8,hKWkrU+X7kHAWgYPaZfCl6LOYl8=,3jQ8s5Jf3qyFIO+aT8AdI7H4H5c=
-2,8,hKWkrU+X7kHAWgYPaZfCl6LOYl8=,3jQ8s5Jf3qyFIO+aT8AdI7H4H5c=
-2,6,bjVn/1Xf+GGafieY5d2gH4BpBMU=,wT4z7hX9zKvNxKQNK+TmxrSQ5n0=
-3,6,bjVn/1Xf+GGafieY5d2gH4BpBMU=,lvhaPCvR/dhNeGsXjKO4hkUXrmE=
-1,6,Z0niSB2+7pT2/Qf/k5Z0plmOChU=,wT4z7hX9zKvNxKQNK+TmxrSQ5n0=
-14,14,2RDv0DRSFRze4u47t1e3acQ0z64=,hAE2yolfuRx/mUBtkqNJt1Be9+c=
-3,7,hKWkrU+X7kHAWgYPaZfCl6LOYl8=,lvhaPCvR/dhNeGsXjKO4hkUXrmE=
-2,7,hKWkrU+X7kHAWgYPaZfCl6LOYl8=,wT4z7hX9zKvNxKQNK+TmxrSQ5n0=
-14,11,2RDv0DRSFRze4u47t1e3acQ0z64=,0QBr5HFIzR3LDLirfmELdRioOwM=
-1,7,hKWkrU+X7kHAWgYPaZfCl6LOYl8=,wT4z7hX9zKvNxKQNK+TmxrSQ5n0=
-14,10,2RDv0DRSFRze4u47t1e3acQ0z64=,0QBr5HFIzR3LDLirfmELdRioOwM=
-16,1,2RDv0DRSFRze4u47t1e3acQ0z64=,rg93xT1u4prflsElrbk/ue1OdyI=
-14,13,2RDv0DRSFRze4u47t1e3acQ0z64=,5fg6qgaUtG9ZGOe2AksLMXSMBcE=
-15,12,2RDv0DRSFRze4u47t1e3acQ0z64=,nG3jC2Ok2SqRBI4ZT1uHdA2pGJk=
-14,12,2RDv0DRSFRze4u47t1e3acQ0z64=,5fg6qgaUtG9ZGOe2AksLMXSMBcE=
-14,9,2RDv0DRSFRze4u47t1e3acQ0z64=,WVbtKeI+e+Pt8IWaPmj71byp5Cc=
-16,2,2RDv0DRSFRze4u47t1e3acQ0z64=,S49zkNEs47PMFtj6I9y6QFjYV+c=
-16,3,2RDv0DRSFRze4u47t1e3acQ0z64=,S49zkNEs47PMFtj6I9y6QFjYV+c=
-16,4,2RDv0DRSFRze4u47t1e3acQ0z64=,wu8Xa5lyFFqKbzBUbfdEMF0Lbl4=
-15,13,2RDv0DRSFRze4u47t1e3acQ0z64=,nG3jC2Ok2SqRBI4ZT1uHdA2pGJk=
-12,0,2RDv0DRSFRze4u47t1e3acQ0z64=,BeMhDmrJL8pzxaMVu31meQlKm70=
-15,0,2RDv0DRSFRze4u47t1e3acQ0z64=,rg93xT1u4prflsElrbk/ue1OdyI=
-15,10,2RDv0DRSFRze4u47t1e3acQ0z64=,7ouOcyiDdANAOhIZ35UKlQGuUB0=
-15,9,2RDv0DRSFRze4u47t1e3acQ0z64=,mSL7/ow1mlFs3mPKlE4vkul4H98=
-15,14,2RDv0DRSFRze4u47t1e3acQ0z64=,qgXO38OWo73n9cMdX4OVSU5h8jI=
-15,11,2RDv0DRSFRze4u47t1e3acQ0z64=,7ouOcyiDdANAOhIZ35UKlQGuUB0=
-11,0,2RDv0DRSFRze4u47t1e3acQ0z64=,BeMhDmrJL8pzxaMVu31meQlKm70=
-14,0,2RDv0DRSFRze4u47t1e3acQ0z64=,qT92EWuj0falVkCNoA1wnBYz1+s=
-4,0,Z0niSB2+7pT2/Qf/k5Z0plmOChU=,TWb5VQ4z2j9KZMgJsIDIZCMSDJ0=
-13,0,2RDv0DRSFRze4u47t1e3acQ0z64=,qT92EWuj0falVkCNoA1wnBYz1+s=
-10,0,2RDv0DRSFRze4u47t1e3acQ0z64=,j95/QImuI/GfyJxaEaLV1lFijxY=
-5,0,Z0niSB2+7pT2/Qf/k5Z0plmOChU=,BVa6zS17zxKj5YJd8rNTHWfScnM=
-2,0,Z0niSB2+7pT2/Qf/k5Z0plmOChU=,70IBomU3yWaosSc7jWasvKNGalY=
-1,0,Z0niSB2+7pT2/Qf/k5Z0plmOChU=,70IBomU3yWaosSc7jWasvKNGalY=
-9,0,2RDv0DRSFRze4u47t1e3acQ0z64=,j95/QImuI/GfyJxaEaLV1lFijxY=
-15,5,2RDv0DRSFRze4u47t1e3acQ0z64=,wu8Xa5lyFFqKbzBUbfdEMF0Lbl4=
-15,15,FFvEX2Ni+YP9wxOGR9puqSyXVeM=,qgXO38OWo73n9cMdX4OVSU5h8jI=
-16,8,FFvEX2Ni+YP9wxOGR9puqSyXVeM=,mSL7/ow1mlFs3mPKlE4vkul4H98=
-7,0,2RDv0DRSFRze4u47t1e3acQ0z64=,hdLf7BLADz6qYLQI+uU/CmiAUeo=
-3,0,Z0niSB2+7pT2/Qf/k5Z0plmOChU=,TWb5VQ4z2j9KZMgJsIDIZCMSDJ0=
-16,5,FFvEX2Ni+YP9wxOGR9puqSyXVeM=,wu8Xa5lyFFqKbzBUbfdEMF0Lbl4=
-14,15,FFvEX2Ni+YP9wxOGR9puqSyXVeM=,hAE2yolfuRx/mUBtkqNJt1Be9+c=
-6,0,2RDv0DRSFRze4u47t1e3acQ0z64=,BVa6zS17zxKj5YJd8rNTHWfScnM=
-14,6,2RDv0DRSFRze4u47t1e3acQ0z64=,X0PtIBkj4rQnimd+ciuAnHg1lxU=
-8,0,2RDv0DRSFRze4u47t1e3acQ0z64=,hdLf7BLADz6qYLQI+uU/CmiAUeo=
-1,15,FFvEX2Ni+YP9wxOGR9puqSyXVeM=,u0gEuiCyAFOopfBWEX6HzVLmVMw=
-15,8,2RDv0DRSFRze4u47t1e3acQ0z64=,mSL7/ow1mlFs3mPKlE4vkul4H98=
-16,15,FFvEX2Ni+YP9wxOGR9puqSyXVeM=,qgXO38OWo73n9cMdX4OVSU5h8jI=
-14,7,2RDv0DRSFRze4u47t1e3acQ0z64=,X0PtIBkj4rQnimd+ciuAnHg1lxU=
-14,5,2RDv0DRSFRze4u47t1e3acQ0z64=,meVE/Rienceb2hQz1jBVva9Ex9Q=
-16,10,FFvEX2Ni+YP9wxOGR9puqSyXVeM=,7ouOcyiDdANAOhIZ35UKlQGuUB0=
-14,8,2RDv0DRSFRze4u47t1e3acQ0z64=,WVbtKeI+e+Pt8IWaPmj71byp5Cc=
-16,13,FFvEX2Ni+YP9wxOGR9puqSyXVeM=,nG3jC2Ok2SqRBI4ZT1uHdA2pGJk=
-16,14,FFvEX2Ni+YP9wxOGR9puqSyXVeM=,qgXO38OWo73n9cMdX4OVSU5h8jI=
-16,9,FFvEX2Ni+YP9wxOGR9puqSyXVeM=,mSL7/ow1mlFs3mPKlE4vkul4H98=
-16,12,FFvEX2Ni+YP9wxOGR9puqSyXVeM=,nG3jC2Ok2SqRBI4ZT1uHdA2pGJk=
-16,11,FFvEX2Ni+YP9wxOGR9puqSyXVeM=,7ouOcyiDdANAOhIZ35UKlQGuUB0=
-16,0,FFvEX2Ni+YP9wxOGR9puqSyXVeM=,rg93xT1u4prflsElrbk/ue1OdyI=
-15,7,2RDv0DRSFRze4u47t1e3acQ0z64=,N6KAFB7qVaBMrLMZEtVRwJw+qPU=
-16,7,FFvEX2Ni+YP9wxOGR9puqSyXVeM=,N6KAFB7qVaBMrLMZEtVRwJw+qPU=
-15,6,2RDv0DRSFRze4u47t1e3acQ0z64=,N6KAFB7qVaBMrLMZEtVRwJw+qPU=
-16,6,FFvEX2Ni+YP9wxOGR9puqSyXVeM=,N6KAFB7qVaBMrLMZEtVRwJw+qPU=
