-39,-79,FSA8UHK7NuUbEbgD8qBo1KVACyY=,mCh8np/Xw4VzicesHArYVy+tqoM=
-44,-69,FSA8UHK7NuUbEbgD8qBo1KVACyY=,1ESIa3JbWGXMZZ7GTyABd3moZAE=
-35,-74,FSA8UHK7NuUbEbgD8qBo1KVACyY=,mCh8np/Xw4VzicesHArYVy+tqoM=
-34,-74,FSA8UHK7NuUbEbgD8qBo1KVACyY=,mCh8np/Xw4VzicesHArYVy+tqoM=
-36,-74,FSA8UHK7NuUbEbgD8qBo1KVACyY=,mCh8np/Xw4VzicesHArYVy+tqoM=
-43,-69,FSA8UHK7NuUbEbgD8qBo1KVACyY=,1ESIa3JbWGXMZZ7GTyABd3moZAE=
-34,-66,FSA8UHK7NuUbEbgD8qBo1KVACyY=,FP5GiqTE0q1QTcJjWYAsJrwnjYQ=
-37,-74,FSA8UHK7NuUbEbgD8qBo1KVACyY=,mCh8np/Xw4VzicesHArYVy+tqoM=
-35,-66,FSA8UHK7NuUbEbgD8qBo1KVACyY=,FP5GiqTE0q1QTcJjWYAsJrwnjYQ=
-37,-73,FSA8UHK7NuUbEbgD8qBo1KVACyY=,mCh8np/Xw4VzicesHArYVy+tqoM=
-45,-69,FSA8UHK7NuUbEbgD8qBo1KVACyY=,1ESIa3JbWGXMZZ7GTyABd3moZAE=
-36,-66,FSA8UHK7NuUbEbgD8qBo1KVACyY=,FP5GiqTE0q1QTcJjWYAsJrwnjYQ=
-37,-66,FSA8UHK7NuUbEbgD8qBo1KVACyY=,FP5GiqTE0q1QTcJjWYAsJrwnjYQ=
-38,-73,FSA8UHK7NuUbEbgD8qBo1KVACyY=,mCh8np/Xw4VzicesHArYVy+tqoM=
-38,-74,FSA8UHK7NuUbEbgD8qBo1KVACyY=,mCh8np/Xw4VzicesHArYVy+tqoM=
-38,-66,FSA8UHK7NuUbEbgD8qBo1KVACyY=,FP5GiqTE0q1QTcJjWYAsJrwnjYQ=
-35,-67,FSA8UHK7NuUbEbgD8qBo1KVACyY=,FP5GiqTE0q1QTcJjWYAsJrwnjYQ=
-42,-69,FSA8UHK7NuUbEbgD8qBo1KVACyY=,1ESIa3JbWGXMZZ7GTyABd3moZAE=
-39,-73,FSA8UHK7NuUbEbgD8qBo1KVACyY=,mCh8np/Xw4VzicesHArYVy+tqoM=
-47,-69,FSA8UHK7NuUbEbgD8qBo1KVACyY=,1ESIa3JbWGXMZZ7GTyABd3moZAE=
-38,-71,FSA8UHK7NuUbEbgD8qBo1KVACyY=,FP5GiqTE0q1QTcJjWYAsJrwnjYQ=
-42,-70,FSA8UHK7NuUbEbgD8qBo1KVACyY=,1ESIa3JbWGXMZZ7GTyABd3moZAE=
-39,-74,FSA8UHK7NuUbEbgD8qBo1KVACyY=,mCh8np/Xw4VzicesHArYVy+tqoM=
-37,-72,FSA8UHK7NuUbEbgD8qBo1KVACyY=,FP5GiqTE0q1QTcJjWYAsJrwnjYQ=
-34,-75,FSA8UHK7NuUbEbgD8qBo1KVACyY=,mCh8np/Xw4VzicesHArYVy+tqoM=
-41,-70,FSA8UHK7NuUbEbgD8qBo1KVACyY=,1ESIa3JbWGXMZZ7GTyABd3moZAE=
-43,-70,FSA8UHK7NuUbEbgD8qBo1KVACyY=,1ESIa3JbWGXMZZ7GTyABd3moZAE=
-40,-70,FSA8UHK7NuUbEbgD8qBo1KVACyY=,FP5GiqTE0q1QTcJjWYAsJrwnjYQ=
-39,-66,FSA8UHK7NuUbEbgD8qBo1KVACyY=,FP5GiqTE0q1QTcJjWYAsJrwnjYQ=
-40,-66,FSA8UHK7NuUbEbgD8qBo1KVACyY=,FP5GiqTE0q1QTcJjWYAsJrwnjYQ=
-46,-69,FSA8UHK7NuUbEbgD8qBo1KVACyY=,1ESIa3JbWGXMZZ7GTyABd3moZAE=
-41,-66,FSA8UHK7NuUbEbgD8qBo1KVACyY=,1ESIa3JbWGXMZZ7GTyABd3moZAE=
-41,-71,FSA8UHK7NuUbEbgD8qBo1KVACyY=,1ESIa3JbWGXMZZ7GTyABd3moZAE=
-39,-71,FSA8UHK7NuUbEbgD8qBo1KVACyY=,FP5GiqTE0q1QTcJjWYAsJrwnjYQ=
-34,-67,FSA8UHK7NuUbEbgD8qBo1KVACyY=,FP5GiqTE0q1QTcJjWYAsJrwnjYQ=
-36,-67,FSA8UHK7NuUbEbgD8qBo1KVACyY=,FP5GiqTE0q1QTcJjWYAsJrwnjYQ=
-37,-67,FSA8UHK7NuUbEbgD8qBo1KVACyY=,FP5GiqTE0q1QTcJjWYAsJrwnjYQ=
-47,-68,FSA8UHK7NuUbEbgD8qBo1KVACyY=,1ESIa3JbWGXMZZ7GTyABd3moZAE=
-40,-71,FSA8UHK7NuUbEbgD8qBo1KVACyY=,FP5GiqTE0q1QTcJjWYAsJrwnjYQ=
-44,-70,FSA8UHK7NuUbEbgD8qBo1KVACyY=,1ESIa3JbWGXMZZ7GTyABd3moZAE=
-34,-71,FSA8UHK7NuUbEbgD8qBo1KVACyY=,FP5GiqTE0q1QTcJjWYAsJrwnjYQ=
-45,-70,FSA8UHK7NuUbEbgD8qBo1KVACyY=,1ESIa3JbWGXMZZ7GTyABd3moZAE=
-45,-75,FSA8UHK7NuUbEbgD8qBo1KVACyY=,h7Nl8VxkFzfrVA60hTeCvLO6UFM=
-42,-66,FSA8UHK7NuUbEbgD8qBo1KVACyY=,1ESIa3JbWGXMZZ7GTyABd3moZAE=
-36,-73,FSA8UHK7NuUbEbgD8qBo1KVACyY=,mCh8np/Xw4VzicesHArYVy+tqoM=
-47,-70,FSA8UHK7NuUbEbgD8qBo1KVACyY=,1ESIa3JbWGXMZZ7GTyABd3moZAE=
-34,-68,FSA8UHK7NuUbEbgD8qBo1KVACyY=,FP5GiqTE0q1QTcJjWYAsJrwnjYQ=
-46,-75,FSA8UHK7NuUbEbgD8qBo1KVACyY=,h7Nl8VxkFzfrVA60hTeCvLO6UFM=
-35,-71,FSA8UHK7NuUbEbgD8qBo1KVACyY=,FP5GiqTE0q1QTcJjWYAsJrwnjYQ=
-43,-66,FSA8UHK7NuUbEbgD8qBo1KVACyY=,1ESIa3JbWGXMZZ7GTyABd3moZAE=
-46,-68,FSA8UHK7NuUbEbgD8qBo1KVACyY=,1ESIa3JbWGXMZZ7GTyABd3moZAE=
-41,-67,FSA8UHK7NuUbEbgD8qBo1KVACyY=,1ESIa3JbWGXMZZ7GTyABd3moZAE=
-40,-73,FSA8UHK7NuUbEbgD8qBo1KVACyY=,mCh8np/Xw4VzicesHArYVy+tqoM=
-42,-71,FSA8UHK7NuUbEbgD8qBo1KVACyY=,1ESIa3JbWGXMZZ7GTyABd3moZAE=
-40,-74,FSA8UHK7NuUbEbgD8qBo1KVACyY=,mCh8np/Xw4VzicesHArYVy+tqoM=
-44,-75,FSA8UHK7NuUbEbgD8qBo1KVACyY=,h7Nl8VxkFzfrVA60hTeCvLO6UFM=
-43,-71,FSA8UHK7NuUbEbgD8qBo1KVACyY=,1ESIa3JbWGXMZZ7GTyABd3moZAE=
-47,-75,FSA8UHK7NuUbEbgD8qBo1KVACyY=,h7Nl8VxkFzfrVA60hTeCvLO6UFM=
-44,-71,FSA8UHK7NuUbEbgD8qBo1KVACyY=,1ESIa3JbWGXMZZ7GTyABd3moZAE=
-42,-72,FSA8UHK7NuUbEbgD8qBo1KVACyY=,1ESIa3JbWGXMZZ7GTyABd3moZAE=
-35,-73,FSA8UHK7NuUbEbgD8qBo1KVACyY=,mCh8np/Xw4VzicesHArYVy+tqoM=
-41,-72,FSA8UHK7NuUbEbgD8qBo1KVACyY=,1ESIa3JbWGXMZZ7GTyABd3moZAE=
-43,-72,FSA8UHK7NuUbEbgD8qBo1KVACyY=,1ESIa3JbWGXMZZ7GTyABd3moZAE=
-45,-71,FSA8UHK7NuUbEbgD8qBo1KVACyY=,1ESIa3JbWGXMZZ7GTyABd3moZAE=
-36,-71,FSA8UHK7NuUbEbgD8qBo1KVACyY=,FP5GiqTE0q1QTcJjWYAsJrwnjYQ=
-45,-68,FSA8UHK7NuUbEbgD8qBo1KVACyY=,1ESIa3JbWGXMZZ7GTyABd3moZAE=
-35,-68,FSA8UHK7NuUbEbgD8qBo1KVACyY=,FP5GiqTE0q1QTcJjWYAsJrwnjYQ=
-44,-66,FSA8UHK7NuUbEbgD8qBo1KVACyY=,1ESIa3JbWGXMZZ7GTyABd3moZAE=
-36,-68,FSA8UHK7NuUbEbgD8qBo1KVACyY=,FP5GiqTE0q1QTcJjWYAsJrwnjYQ=
-46,-71,FSA8UHK7NuUbEbgD8qBo1KVACyY=,1ESIa3JbWGXMZZ7GTyABd3moZAE=
-47,-71,FSA8UHK7NuUbEbgD8qBo1KVACyY=,1ESIa3JbWGXMZZ7GTyABd3moZAE=
-46,-70,FSA8UHK7NuUbEbgD8qBo1KVACyY=,1ESIa3JbWGXMZZ7GTyABd3moZAE=
-43,-75,FSA8UHK7NuUbEbgD8qBo1KVACyY=,h7Nl8VxkFzfrVA60hTeCvLO6UFM=
-40,-75,FSA8UHK7NuUbEbgD8qBo1KVACyY=,mCh8np/Xw4VzicesHArYVy+tqoM=
-34,-73,FSA8UHK7NuUbEbgD8qBo1KVACyY=,mCh8np/Xw4VzicesHArYVy+tqoM=
-39,-67,FSA8UHK7NuUbEbgD8qBo1KVACyY=,FP5GiqTE0q1QTcJjWYAsJrwnjYQ=
-46,-66,FSA8UHK7NuUbEbgD8qBo1KVACyY=,1ESIa3JbWGXMZZ7GTyABd3moZAE=
-45,-66,FSA8UHK7NuUbEbgD8qBo1KVACyY=,1ESIa3JbWGXMZZ7GTyABd3moZAE=
-41,-76,FSA8UHK7NuUbEbgD8qBo1KVACyY=,h7Nl8VxkFzfrVA60hTeCvLO6UFM=
-44,-72,FSA8UHK7NuUbEbgD8qBo1KVACyY=,1ESIa3JbWGXMZZ7GTyABd3moZAE=
-37,-71,FSA8UHK7NuUbEbgD8qBo1KVACyY=,FP5GiqTE0q1QTcJjWYAsJrwnjYQ=
-47,-66,FSA8UHK7NuUbEbgD8qBo1KVACyY=,1ESIa3JbWGXMZZ7GTyABd3moZAE=
-37,-68,FSA8UHK7NuUbEbgD8qBo1KVACyY=,FP5GiqTE0q1QTcJjWYAsJrwnjYQ=
-42,-67,FSA8UHK7NuUbEbgD8qBo1KVACyY=,1ESIa3JbWGXMZZ7GTyABd3moZAE=
-44,-68,FSA8UHK7NuUbEbgD8qBo1KVACyY=,1ESIa3JbWGXMZZ7GTyABd3moZAE=
-38,-68,FSA8UHK7NuUbEbgD8qBo1KVACyY=,FP5GiqTE0q1QTcJjWYAsJrwnjYQ=
-35,-75,FSA8UHK7NuUbEbgD8qBo1KVACyY=,mCh8np/Xw4VzicesHArYVy+tqoM=
-42,-76,FSA8UHK7NuUbEbgD8qBo1KVACyY=,h7Nl8VxkFzfrVA60hTeCvLO6UFM=
-43,-76,FSA8UHK7NuUbEbgD8qBo1KVACyY=,h7Nl8VxkFzfrVA60hTeCvLO6UFM=
-45,-72,FSA8UHK7NuUbEbgD8qBo1KVACyY=,1ESIa3JbWGXMZZ7GTyABd3moZAE=
-38,-67,FSA8UHK7NuUbEbgD8qBo1KVACyY=,FP5GiqTE0q1QTcJjWYAsJrwnjYQ=
-46,-72,FSA8UHK7NuUbEbgD8qBo1KVACyY=,1ESIa3JbWGXMZZ7GTyABd3moZAE=
-42,-75,FSA8UHK7NuUbEbgD8qBo1KVACyY=,h7Nl8VxkFzfrVA60hTeCvLO6UFM=
-39,-72,FSA8UHK7NuUbEbgD8qBo1KVACyY=,FP5GiqTE0q1QTcJjWYAsJrwnjYQ=
-40,-69,FSA8UHK7NuUbEbgD8qBo1KVACyY=,FP5GiqTE0q1QTcJjWYAsJrwnjYQ=
-44,-67,FSA8UHK7NuUbEbgD8qBo1KVACyY=,1ESIa3JbWGXMZZ7GTyABd3moZAE=
-43,-67,FSA8UHK7NuUbEbgD8qBo1KVACyY=,1ESIa3JbWGXMZZ7GTyABd3moZAE=
-44,-76,FSA8UHK7NuUbEbgD8qBo1KVACyY=,h7Nl8VxkFzfrVA60hTeCvLO6UFM=
-46,-67,FSA8UHK7NuUbEbgD8qBo1KVACyY=,1ESIa3JbWGXMZZ7GTyABd3moZAE=
-47,-67,FSA8UHK7NuUbEbgD8qBo1KVACyY=,1ESIa3JbWGXMZZ7GTyABd3moZAE=
-45,-76,FSA8UHK7NuUbEbgD8qBo1KVACyY=,h7Nl8VxkFzfrVA60hTeCvLO6UFM=
-45,-67,FSA8UHK7NuUbEbgD8qBo1KVACyY=,1ESIa3JbWGXMZZ7GTyABd3moZAE=
-34,-69,FSA8UHK7NuUbEbgD8qBo1KVACyY=,FP5GiqTE0q1QTcJjWYAsJrwnjYQ=
-36,-75,FSA8UHK7NuUbEbgD8qBo1KVACyY=,mCh8np/Xw4VzicesHArYVy+tqoM=
-43,-68,FSA8UHK7NuUbEbgD8qBo1KVACyY=,1ESIa3JbWGXMZZ7GTyABd3moZAE=
-40,-76,FSA8UHK7NuUbEbgD8qBo1KVACyY=,mCh8np/Xw4VzicesHArYVy+tqoM=
-42,-68,FSA8UHK7NuUbEbgD8qBo1KVACyY=,1ESIa3JbWGXMZZ7GTyABd3moZAE=
-47,-72,FSA8UHK7NuUbEbgD8qBo1KVACyY=,1ESIa3JbWGXMZZ7GTyABd3moZAE=
-46,-76,FSA8UHK7NuUbEbgD8qBo1KVACyY=,h7Nl8VxkFzfrVA60hTeCvLO6UFM=
-41,-73,FSA8UHK7NuUbEbgD8qBo1KVACyY=,h7Nl8VxkFzfrVA60hTeCvLO6UFM=
-40,-68,FSA8UHK7NuUbEbgD8qBo1KVACyY=,FP5GiqTE0q1QTcJjWYAsJrwnjYQ=
-41,-75,FSA8UHK7NuUbEbgD8qBo1KVACyY=,h7Nl8VxkFzfrVA60hTeCvLO6UFM=
-47,-76,FSA8UHK7NuUbEbgD8qBo1KVACyY=,h7Nl8VxkFzfrVA60hTeCvLO6UFM=
-41,-77,FSA8UHK7NuUbEbgD8qBo1KVACyY=,h7Nl8VxkFzfrVA60hTeCvLO6UFM=
-42,-73,FSA8UHK7NuUbEbgD8qBo1KVACyY=,h7Nl8VxkFzfrVA60hTeCvLO6UFM=
-38,-72,FSA8UHK7NuUbEbgD8qBo1KVACyY=,FP5GiqTE0q1QTcJjWYAsJrwnjYQ=
-42,-77,FSA8UHK7NuUbEbgD8qBo1KVACyY=,h7Nl8VxkFzfrVA60hTeCvLO6UFM=
-37,-75,FSA8UHK7NuUbEbgD8qBo1KVACyY=,mCh8np/Xw4VzicesHArYVy+tqoM=
-40,-77,FSA8UHK7NuUbEbgD8qBo1KVACyY=,mCh8np/Xw4VzicesHArYVy+tqoM=
-37,-69,FSA8UHK7NuUbEbgD8qBo1KVACyY=,FP5GiqTE0q1QTcJjWYAsJrwnjYQ=
-44,-77,FSA8UHK7NuUbEbgD8qBo1KVACyY=,h7Nl8VxkFzfrVA60hTeCvLO6UFM=
-35,-69,FSA8UHK7NuUbEbgD8qBo1KVACyY=,FP5GiqTE0q1QTcJjWYAsJrwnjYQ=
-46,-77,FSA8UHK7NuUbEbgD8qBo1KVACyY=,h7Nl8VxkFzfrVA60hTeCvLO6UFM=
-39,-70,FSA8UHK7NuUbEbgD8qBo1KVACyY=,FP5GiqTE0q1QTcJjWYAsJrwnjYQ=
-47,-77,FSA8UHK7NuUbEbgD8qBo1KVACyY=,h7Nl8VxkFzfrVA60hTeCvLO6UFM=
-34,-70,FSA8UHK7NuUbEbgD8qBo1KVACyY=,FP5GiqTE0q1QTcJjWYAsJrwnjYQ=
-43,-73,FSA8UHK7NuUbEbgD8qBo1KVACyY=,h7Nl8VxkFzfrVA60hTeCvLO6UFM=
-47,-65,FSA8UHK7NuUbEbgD8qBo1KVACyY=,1ESIa3JbWGXMZZ7GTyABd3moZAE=
-43,-77,FSA8UHK7NuUbEbgD8qBo1KVACyY=,h7Nl8VxkFzfrVA60hTeCvLO6UFM=
-45,-77,FSA8UHK7NuUbEbgD8qBo1KVACyY=,h7Nl8VxkFzfrVA60hTeCvLO6UFM=
-36,-69,FSA8UHK7NuUbEbgD8qBo1KVACyY=,FP5GiqTE0q1QTcJjWYAsJrwnjYQ=
-44,-73,FSA8UHK7NuUbEbgD8qBo1KVACyY=,h7Nl8VxkFzfrVA60hTeCvLO6UFM=
-41,-78,FSA8UHK7NuUbEbgD8qBo1KVACyY=,h7Nl8VxkFzfrVA60hTeCvLO6UFM=
-47,-74,FSA8UHK7NuUbEbgD8qBo1KVACyY=,h7Nl8VxkFzfrVA60hTeCvLO6UFM=
-42,-78,FSA8UHK7NuUbEbgD8qBo1KVACyY=,h7Nl8VxkFzfrVA60hTeCvLO6UFM=
-43,-78,FSA8UHK7NuUbEbgD8qBo1KVACyY=,h7Nl8VxkFzfrVA60hTeCvLO6UFM=
-45,-73,FSA8UHK7NuUbEbgD8qBo1KVACyY=,h7Nl8VxkFzfrVA60hTeCvLO6UFM=
-44,-78,FSA8UHK7NuUbEbgD8qBo1KVACyY=,h7Nl8VxkFzfrVA60hTeCvLO6UFM=
-42,-65,FSA8UHK7NuUbEbgD8qBo1KVACyY=,1ESIa3JbWGXMZZ7GTyABd3moZAE=
-38,-70,FSA8UHK7NuUbEbgD8qBo1KVACyY=,FP5GiqTE0q1QTcJjWYAsJrwnjYQ=
-47,-73,FSA8UHK7NuUbEbgD8qBo1KVACyY=,h7Nl8VxkFzfrVA60hTeCvLO6UFM=
-46,-78,FSA8UHK7NuUbEbgD8qBo1KVACyY=,h7Nl8VxkFzfrVA60hTeCvLO6UFM=
-47,-78,FSA8UHK7NuUbEbgD8qBo1KVACyY=,h7Nl8VxkFzfrVA60hTeCvLO6UFM=
-41,-79,FSA8UHK7NuUbEbgD8qBo1KVACyY=,h7Nl8VxkFzfrVA60hTeCvLO6UFM=
-45,-78,FSA8UHK7NuUbEbgD8qBo1KVACyY=,h7Nl8VxkFzfrVA60hTeCvLO6UFM=
-46,-73,FSA8UHK7NuUbEbgD8qBo1KVACyY=,h7Nl8VxkFzfrVA60hTeCvLO6UFM=
-46,-65,FSA8UHK7NuUbEbgD8qBo1KVACyY=,1ESIa3JbWGXMZZ7GTyABd3moZAE=
-43,-79,FSA8UHK7NuUbEbgD8qBo1KVACyY=,h7Nl8VxkFzfrVA60hTeCvLO6UFM=
-42,-79,FSA8UHK7NuUbEbgD8qBo1KVACyY=,h7Nl8VxkFzfrVA60hTeCvLO6UFM=
-44,-79,FSA8UHK7NuUbEbgD8qBo1KVACyY=,h7Nl8VxkFzfrVA60hTeCvLO6UFM=
-40,-78,FSA8UHK7NuUbEbgD8qBo1KVACyY=,mCh8np/Xw4VzicesHArYVy+tqoM=
-41,-74,FSA8UHK7NuUbEbgD8qBo1KVACyY=,h7Nl8VxkFzfrVA60hTeCvLO6UFM=
-46,-74,FSA8UHK7NuUbEbgD8qBo1KVACyY=,h7Nl8VxkFzfrVA60hTeCvLO6UFM=
-45,-79,FSA8UHK7NuUbEbgD8qBo1KVACyY=,h7Nl8VxkFzfrVA60hTeCvLO6UFM=
-40,-79,FSA8UHK7NuUbEbgD8qBo1KVACyY=,mCh8np/Xw4VzicesHArYVy+tqoM=
-38,-75,FSA8UHK7NuUbEbgD8qBo1KVACyY=,mCh8np/Xw4VzicesHArYVy+tqoM=
-43,-65,FSA8UHK7NuUbEbgD8qBo1KVACyY=,1ESIa3JbWGXMZZ7GTyABd3moZAE=
-39,-68,FSA8UHK7NuUbEbgD8qBo1KVACyY=,FP5GiqTE0q1QTcJjWYAsJrwnjYQ=
-43,-74,FSA8UHK7NuUbEbgD8qBo1KVACyY=,h7Nl8VxkFzfrVA60hTeCvLO6UFM=
-44,-74,FSA8UHK7NuUbEbgD8qBo1KVACyY=,h7Nl8VxkFzfrVA60hTeCvLO6UFM=
-46,-79,FSA8UHK7NuUbEbgD8qBo1KVACyY=,h7Nl8VxkFzfrVA60hTeCvLO6UFM=
-42,-74,FSA8UHK7NuUbEbgD8qBo1KVACyY=,h7Nl8VxkFzfrVA60hTeCvLO6UFM=
-40,-72,FSA8UHK7NuUbEbgD8qBo1KVACyY=,FP5GiqTE0q1QTcJjWYAsJrwnjYQ=
-45,-74,FSA8UHK7NuUbEbgD8qBo1KVACyY=,h7Nl8VxkFzfrVA60hTeCvLO6UFM=
-47,-79,FSA8UHK7NuUbEbgD8qBo1KVACyY=,h7Nl8VxkFzfrVA60hTeCvLO6UFM=
-45,-65,FSA8UHK7NuUbEbgD8qBo1KVACyY=,1ESIa3JbWGXMZZ7GTyABd3moZAE=
-35,-70,FSA8UHK7NuUbEbgD8qBo1KVACyY=,FP5GiqTE0q1QTcJjWYAsJrwnjYQ=
-44,-65,FSA8UHK7NuUbEbgD8qBo1KVACyY=,1ESIa3JbWGXMZZ7GTyABd3moZAE=
-41,-68,FSA8UHK7NuUbEbgD8qBo1KVACyY=,1ESIa3JbWGXMZZ7GTyABd3moZAE=
-39,-75,FSA8UHK7NuUbEbgD8qBo1KVACyY=,mCh8np/Xw4VzicesHArYVy+tqoM=
-41,-69,FSA8UHK7NuUbEbgD8qBo1KVACyY=,1ESIa3JbWGXMZZ7GTyABd3moZAE=
-38,-69,FSA8UHK7NuUbEbgD8qBo1KVACyY=,FP5GiqTE0q1QTcJjWYAsJrwnjYQ=
-39,-69,FSA8UHK7NuUbEbgD8qBo1KVACyY=,FP5GiqTE0q1QTcJjWYAsJrwnjYQ=
-34,-72,FSA8UHK7NuUbEbgD8qBo1KVACyY=,FP5GiqTE0q1QTcJjWYAsJrwnjYQ=
-37,-70,FSA8UHK7NuUbEbgD8qBo1KVACyY=,FP5GiqTE0q1QTcJjWYAsJrwnjYQ=
-40,-67,FSA8UHK7NuUbEbgD8qBo1KVACyY=,FP5GiqTE0q1QTcJjWYAsJrwnjYQ=
-35,-72,FSA8UHK7NuUbEbgD8qBo1KVACyY=,FP5GiqTE0q1QTcJjWYAsJrwnjYQ=
-34,-76,FSA8UHK7NuUbEbgD8qBo1KVACyY=,mCh8np/Xw4VzicesHArYVy+tqoM=
-36,-70,FSA8UHK7NuUbEbgD8qBo1KVACyY=,FP5GiqTE0q1QTcJjWYAsJrwnjYQ=
-35,-76,FSA8UHK7NuUbEbgD8qBo1KVACyY=,mCh8np/Xw4VzicesHArYVy+tqoM=
-37,-76,FSA8UHK7NuUbEbgD8qBo1KVACyY=,mCh8np/Xw4VzicesHArYVy+tqoM=
-36,-72,FSA8UHK7NuUbEbgD8qBo1KVACyY=,FP5GiqTE0q1QTcJjWYAsJrwnjYQ=
-40,-65,FSA8UHK7NuUbEbgD8qBo1KVACyY=,FP5GiqTE0q1QTcJjWYAsJrwnjYQ=
-38,-76,FSA8UHK7NuUbEbgD8qBo1KVACyY=,mCh8np/Xw4VzicesHArYVy+tqoM=
-37,-65,FSA8UHK7NuUbEbgD8qBo1KVACyY=,FP5GiqTE0q1QTcJjWYAsJrwnjYQ=
-39,-76,FSA8UHK7NuUbEbgD8qBo1KVACyY=,mCh8np/Xw4VzicesHArYVy+tqoM=
-36,-76,FSA8UHK7NuUbEbgD8qBo1KVACyY=,mCh8np/Xw4VzicesHArYVy+tqoM=
-41,-65,FSA8UHK7NuUbEbgD8qBo1KVACyY=,1ESIa3JbWGXMZZ7GTyABd3moZAE=
-38,-65,FSA8UHK7NuUbEbgD8qBo1KVACyY=,FP5GiqTE0q1QTcJjWYAsJrwnjYQ=
-33,-66,FSA8UHK7NuUbEbgD8qBo1KVACyY=,FP5GiqTE0q1QTcJjWYAsJrwnjYQ=
-36,-65,FSA8UHK7NuUbEbgD8qBo1KVACyY=,FP5GiqTE0q1QTcJjWYAsJrwnjYQ=
-39,-65,FSA8UHK7NuUbEbgD8qBo1KVACyY=,FP5GiqTE0q1QTcJjWYAsJrwnjYQ=
-35,-77,FSA8UHK7NuUbEbgD8qBo1KVACyY=,mCh8np/Xw4VzicesHArYVy+tqoM=
-34,-77,FSA8UHK7NuUbEbgD8qBo1KVACyY=,mCh8np/Xw4VzicesHArYVy+tqoM=
-38,-77,FSA8UHK7NuUbEbgD8qBo1KVACyY=,mCh8np/Xw4VzicesHArYVy+tqoM=
-37,-78,FSA8UHK7NuUbEbgD8qBo1KVACyY=,mCh8np/Xw4VzicesHArYVy+tqoM=
-39,-77,FSA8UHK7NuUbEbgD8qBo1KVACyY=,mCh8np/Xw4VzicesHArYVy+tqoM=
-35,-65,FSA8UHK7NuUbEbgD8qBo1KVACyY=,FP5GiqTE0q1QTcJjWYAsJrwnjYQ=
-33,-67,FSA8UHK7NuUbEbgD8qBo1KVACyY=,FP5GiqTE0q1QTcJjWYAsJrwnjYQ=
-38,-78,FSA8UHK7NuUbEbgD8qBo1KVACyY=,mCh8np/Xw4VzicesHArYVy+tqoM=
-36,-78,FSA8UHK7NuUbEbgD8qBo1KVACyY=,mCh8np/Xw4VzicesHArYVy+tqoM=
-37,-77,FSA8UHK7NuUbEbgD8qBo1KVACyY=,mCh8np/Xw4VzicesHArYVy+tqoM=
-36,-77,FSA8UHK7NuUbEbgD8qBo1KVACyY=,mCh8np/Xw4VzicesHArYVy+tqoM=
-33,-73,FSA8UHK7NuUbEbgD8qBo1KVACyY=,mCh8np/Xw4VzicesHArYVy+tqoM=
-35,-78,FSA8UHK7NuUbEbgD8qBo1KVACyY=,mCh8np/Xw4VzicesHArYVy+tqoM=
-34,-78,FSA8UHK7NuUbEbgD8qBo1KVACyY=,mCh8np/Xw4VzicesHArYVy+tqoM=
-39,-78,FSA8UHK7NuUbEbgD8qBo1KVACyY=,mCh8np/Xw4VzicesHArYVy+tqoM=
-33,-70,FSA8UHK7NuUbEbgD8qBo1KVACyY=,FP5GiqTE0q1QTcJjWYAsJrwnjYQ=
-33,-72,FSA8UHK7NuUbEbgD8qBo1KVACyY=,FP5GiqTE0q1QTcJjWYAsJrwnjYQ=
-33,-74,FSA8UHK7NuUbEbgD8qBo1KVACyY=,mCh8np/Xw4VzicesHArYVy+tqoM=
-33,-77,FSA8UHK7NuUbEbgD8qBo1KVACyY=,mCh8np/Xw4VzicesHArYVy+tqoM=
-35,-79,FSA8UHK7NuUbEbgD8qBo1KVACyY=,mCh8np/Xw4VzicesHArYVy+tqoM=
-34,-79,FSA8UHK7NuUbEbgD8qBo1KVACyY=,mCh8np/Xw4VzicesHArYVy+tqoM=
-33,-69,FSA8UHK7NuUbEbgD8qBo1KVACyY=,FP5GiqTE0q1QTcJjWYAsJrwnjYQ=
-33,-78,FSA8UHK7NuUbEbgD8qBo1KVACyY=,mCh8np/Xw4VzicesHArYVy+tqoM=
-33,-76,FSA8UHK7NuUbEbgD8qBo1KVACyY=,mCh8np/Xw4VzicesHArYVy+tqoM=
-33,-79,FSA8UHK7NuUbEbgD8qBo1KVACyY=,mCh8np/Xw4VzicesHArYVy+tqoM=
-33,-75,FSA8UHK7NuUbEbgD8qBo1KVACyY=,mCh8np/Xw4VzicesHArYVy+tqoM=
-36,-79,FSA8UHK7NuUbEbgD8qBo1KVACyY=,mCh8np/Xw4VzicesHArYVy+tqoM=
-33,-71,FSA8UHK7NuUbEbgD8qBo1KVACyY=,FP5GiqTE0q1QTcJjWYAsJrwnjYQ=
-37,-79,FSA8UHK7NuUbEbgD8qBo1KVACyY=,mCh8np/Xw4VzicesHArYVy+tqoM=
-39,-80,FSA8UHK7NuUbEbgD8qBo1KVACyY=,mCh8np/Xw4VzicesHArYVy+tqoM=
-33,-68,FSA8UHK7NuUbEbgD8qBo1KVACyY=,FP5GiqTE0q1QTcJjWYAsJrwnjYQ=
-34,-65,FSA8UHK7NuUbEbgD8qBo1KVACyY=,FP5GiqTE0q1QTcJjWYAsJrwnjYQ=
-38,-80,FSA8UHK7NuUbEbgD8qBo1KVACyY=,mCh8np/Xw4VzicesHArYVy+tqoM=
-38,-79,FSA8UHK7NuUbEbgD8qBo1KVACyY=,mCh8np/Xw4VzicesHArYVy+tqoM=
-34,-80,FSA8UHK7NuUbEbgD8qBo1KVACyY=,mCh8np/Xw4VzicesHArYVy+tqoM=
-35,-80,FSA8UHK7NuUbEbgD8qBo1KVACyY=,mCh8np/Xw4VzicesHArYVy+tqoM=
-48,-74,FSA8UHK7NuUbEbgD8qBo1KVACyY=,h7Nl8VxkFzfrVA60hTeCvLO6UFM=
-36,-80,FSA8UHK7NuUbEbgD8qBo1KVACyY=,mCh8np/Xw4VzicesHArYVy+tqoM=
-48,-75,FSA8UHK7NuUbEbgD8qBo1KVACyY=,h7Nl8VxkFzfrVA60hTeCvLO6UFM=
-48,-78,FSA8UHK7NuUbEbgD8qBo1KVACyY=,h7Nl8VxkFzfrVA60hTeCvLO6UFM=
-48,-76,FSA8UHK7NuUbEbgD8qBo1KVACyY=,h7Nl8VxkFzfrVA60hTeCvLO6UFM=
-48,-77,FSA8UHK7NuUbEbgD8qBo1KVACyY=,h7Nl8VxkFzfrVA60hTeCvLO6UFM=
-37,-80,FSA8UHK7NuUbEbgD8qBo1KVACyY=,mCh8np/Xw4VzicesHArYVy+tqoM=
-40,-80,FSA8UHK7NuUbEbgD8qBo1KVACyY=,mCh8np/Xw4VzicesHArYVy+tqoM=
-41,-80,FSA8UHK7NuUbEbgD8qBo1KVACyY=,h7Nl8VxkFzfrVA60hTeCvLO6UFM=
-48,-79,FSA8UHK7NuUbEbgD8qBo1KVACyY=,h7Nl8VxkFzfrVA60hTeCvLO6UFM=
-42,-80,FSA8UHK7NuUbEbgD8qBo1KVACyY=,h7Nl8VxkFzfrVA60hTeCvLO6UFM=
-43,-80,FSA8UHK7NuUbEbgD8qBo1KVACyY=,h7Nl8VxkFzfrVA60hTeCvLO6UFM=
-44,-80,FSA8UHK7NuUbEbgD8qBo1KVACyY=,h7Nl8VxkFzfrVA60hTeCvLO6UFM=
-45,-80,FSA8UHK7NuUbEbgD8qBo1KVACyY=,h7Nl8VxkFzfrVA60hTeCvLO6UFM=
-46,-80,FSA8UHK7NuUbEbgD8qBo1KVACyY=,h7Nl8VxkFzfrVA60hTeCvLO6UFM=
-47,-80,FSA8UHK7NuUbEbgD8qBo1KVACyY=,h7Nl8VxkFzfrVA60hTeCvLO6UFM=
-48,-69,FSA8UHK7NuUbEbgD8qBo1KVACyY=,1ESIa3JbWGXMZZ7GTyABd3moZAE=
-48,-70,FSA8UHK7NuUbEbgD8qBo1KVACyY=,1ESIa3JbWGXMZZ7GTyABd3moZAE=
-48,-65,FSA8UHK7NuUbEbgD8qBo1KVACyY=,1ESIa3JbWGXMZZ7GTyABd3moZAE=
-48,-72,FSA8UHK7NuUbEbgD8qBo1KVACyY=,1ESIa3JbWGXMZZ7GTyABd3moZAE=
-48,-68,FSA8UHK7NuUbEbgD8qBo1KVACyY=,1ESIa3JbWGXMZZ7GTyABd3moZAE=
-48,-80,FSA8UHK7NuUbEbgD8qBo1KVACyY=,h7Nl8VxkFzfrVA60hTeCvLO6UFM=
-48,-71,FSA8UHK7NuUbEbgD8qBo1KVACyY=,1ESIa3JbWGXMZZ7GTyABd3moZAE=
-33,-80,FSA8UHK7NuUbEbgD8qBo1KVACyY=,mCh8np/Xw4VzicesHArYVy+tqoM=
-33,-65,FSA8UHK7NuUbEbgD8qBo1KVACyY=,FP5GiqTE0q1QTcJjWYAsJrwnjYQ=
-48,-73,FSA8UHK7NuUbEbgD8qBo1KVACyY=,h7Nl8VxkFzfrVA60hTeCvLO6UFM=
-48,-66,FSA8UHK7NuUbEbgD8qBo1KVACyY=,1ESIa3JbWGXMZZ7GTyABd3moZAE=
-48,-67,FSA8UHK7NuUbEbgD8qBo1KVACyY=,1ESIa3JbWGXMZZ7GTyABd3moZAE=
-55,-79,toSb5MrgQ+RXAe956wZnFNmbPXM=,lKj2fRZ5efqWseoPwiubCZuhIwI=
-60,-69,toSb5MrgQ+RXAe956wZnFNmbPXM=,ncL+NYK70BClTI4MRIZCN+MW3O0=
-63,-69,toSb5MrgQ+RXAe956wZnFNmbPXM=,ncL+NYK70BClTI4MRIZCN+MW3O0=
-59,-69,toSb5MrgQ+RXAe956wZnFNmbPXM=,ncL+NYK70BClTI4MRIZCN+MW3O0=
-61,-69,toSb5MrgQ+RXAe956wZnFNmbPXM=,ncL+NYK70BClTI4MRIZCN+MW3O0=
-58,-70,toSb5MrgQ+RXAe956wZnFNmbPXM=,ncL+NYK70BClTI4MRIZCN+MW3O0=
-59,-70,toSb5MrgQ+RXAe956wZnFNmbPXM=,ncL+NYK70BClTI4MRIZCN+MW3O0=
-60,-70,toSb5MrgQ+RXAe956wZnFNmbPXM=,ncL+NYK70BClTI4MRIZCN+MW3O0=
-61,-70,toSb5MrgQ+RXAe956wZnFNmbPXM=,ncL+NYK70BClTI4MRIZCN+MW3O0=
-58,-69,toSb5MrgQ+RXAe956wZnFNmbPXM=,ncL+NYK70BClTI4MRIZCN+MW3O0=
-62,-69,toSb5MrgQ+RXAe956wZnFNmbPXM=,ncL+NYK70BClTI4MRIZCN+MW3O0=
-60,-66,toSb5MrgQ+RXAe956wZnFNmbPXM=,ncL+NYK70BClTI4MRIZCN+MW3O0=
-59,-66,toSb5MrgQ+RXAe956wZnFNmbPXM=,ncL+NYK70BClTI4MRIZCN+MW3O0=
-58,-66,toSb5MrgQ+RXAe956wZnFNmbPXM=,ncL+NYK70BClTI4MRIZCN+MW3O0=
-63,-70,toSb5MrgQ+RXAe956wZnFNmbPXM=,ncL+NYK70BClTI4MRIZCN+MW3O0=
-61,-66,toSb5MrgQ+RXAe956wZnFNmbPXM=,ncL+NYK70BClTI4MRIZCN+MW3O0=
-56,-67,toSb5MrgQ+RXAe956wZnFNmbPXM=,mOP5qjh7edhrxRz3swkg3eRm2Uk=
-58,-71,Ll/7cmmDDblNG0zT1GjQnIjkMEk=,ncL+NYK70BClTI4MRIZCN+MW3O0=
-62,-70,toSb5MrgQ+RXAe956wZnFNmbPXM=,ncL+NYK70BClTI4MRIZCN+MW3O0=
-62,-66,toSb5MrgQ+RXAe956wZnFNmbPXM=,ncL+NYK70BClTI4MRIZCN+MW3O0=
-50,-74,toSb5MrgQ+RXAe956wZnFNmbPXM=,lKj2fRZ5efqWseoPwiubCZuhIwI=
-63,-66,toSb5MrgQ+RXAe956wZnFNmbPXM=,ncL+NYK70BClTI4MRIZCN+MW3O0=
-60,-75,toSb5MrgQ+RXAe956wZnFNmbPXM=,1N7qLpK228h1QiyBsYlyoeZPXdI=
-59,-71,Ll/7cmmDDblNG0zT1GjQnIjkMEk=,ncL+NYK70BClTI4MRIZCN+MW3O0=
-61,-75,toSb5MrgQ+RXAe956wZnFNmbPXM=,1N7qLpK228h1QiyBsYlyoeZPXdI=
-62,-75,toSb5MrgQ+RXAe956wZnFNmbPXM=,1N7qLpK228h1QiyBsYlyoeZPXdI=
-63,-75,toSb5MrgQ+RXAe956wZnFNmbPXM=,1N7qLpK228h1QiyBsYlyoeZPXdI=
-56,-74,toSb5MrgQ+RXAe956wZnFNmbPXM=,lKj2fRZ5efqWseoPwiubCZuhIwI=
-57,-76,toSb5MrgQ+RXAe956wZnFNmbPXM=,1N7qLpK228h1QiyBsYlyoeZPXdI=
-58,-67,toSb5MrgQ+RXAe956wZnFNmbPXM=,ncL+NYK70BClTI4MRIZCN+MW3O0=
-51,-66,toSb5MrgQ+RXAe956wZnFNmbPXM=,mOP5qjh7edhrxRz3swkg3eRm2Uk=
-56,-75,toSb5MrgQ+RXAe956wZnFNmbPXM=,lKj2fRZ5efqWseoPwiubCZuhIwI=
-58,-76,toSb5MrgQ+RXAe956wZnFNmbPXM=,1N7qLpK228h1QiyBsYlyoeZPXdI=
-56,-73,toSb5MrgQ+RXAe956wZnFNmbPXM=,lKj2fRZ5efqWseoPwiubCZuhIwI=
-63,-68,toSb5MrgQ+RXAe956wZnFNmbPXM=,ncL+NYK70BClTI4MRIZCN+MW3O0=
-53,-73,toSb5MrgQ+RXAe956wZnFNmbPXM=,lKj2fRZ5efqWseoPwiubCZuhIwI=
-52,-66,toSb5MrgQ+RXAe956wZnFNmbPXM=,mOP5qjh7edhrxRz3swkg3eRm2Uk=
-52,-73,toSb5MrgQ+RXAe956wZnFNmbPXM=,lKj2fRZ5efqWseoPwiubCZuhIwI=
-60,-76,toSb5MrgQ+RXAe956wZnFNmbPXM=,1N7qLpK228h1QiyBsYlyoeZPXdI=
-61,-76,toSb5MrgQ+RXAe956wZnFNmbPXM=,1N7qLpK228h1QiyBsYlyoeZPXdI=
-62,-76,toSb5MrgQ+RXAe956wZnFNmbPXM=,1N7qLpK228h1QiyBsYlyoeZPXdI=
-63,-76,toSb5MrgQ+RXAe956wZnFNmbPXM=,1N7qLpK228h1QiyBsYlyoeZPXdI=
-56,-72,Ll/7cmmDDblNG0zT1GjQnIjkMEk=,mOP5qjh7edhrxRz3swkg3eRm2Uk=
-51,-74,toSb5MrgQ+RXAe956wZnFNmbPXM=,lKj2fRZ5efqWseoPwiubCZuhIwI=
-59,-76,toSb5MrgQ+RXAe956wZnFNmbPXM=,1N7qLpK228h1QiyBsYlyoeZPXdI=
-57,-77,toSb5MrgQ+RXAe956wZnFNmbPXM=,1N7qLpK228h1QiyBsYlyoeZPXdI=
-58,-77,toSb5MrgQ+RXAe956wZnFNmbPXM=,1N7qLpK228h1QiyBsYlyoeZPXdI=
-56,-76,toSb5MrgQ+RXAe956wZnFNmbPXM=,lKj2fRZ5efqWseoPwiubCZuhIwI=
-59,-77,toSb5MrgQ+RXAe956wZnFNmbPXM=,1N7qLpK228h1QiyBsYlyoeZPXdI=
-61,-77,toSb5MrgQ+RXAe956wZnFNmbPXM=,1N7qLpK228h1QiyBsYlyoeZPXdI=
-54,-73,toSb5MrgQ+RXAe956wZnFNmbPXM=,lKj2fRZ5efqWseoPwiubCZuhIwI=
-60,-77,toSb5MrgQ+RXAe956wZnFNmbPXM=,1N7qLpK228h1QiyBsYlyoeZPXdI=
-62,-77,toSb5MrgQ+RXAe956wZnFNmbPXM=,1N7qLpK228h1QiyBsYlyoeZPXdI=
-57,-72,toSb5MrgQ+RXAe956wZnFNmbPXM=,ncL+NYK70BClTI4MRIZCN+MW3O0=
-63,-77,toSb5MrgQ+RXAe956wZnFNmbPXM=,1N7qLpK228h1QiyBsYlyoeZPXdI=
-50,-67,toSb5MrgQ+RXAe956wZnFNmbPXM=,mOP5qjh7edhrxRz3swkg3eRm2Uk=
-62,-68,toSb5MrgQ+RXAe956wZnFNmbPXM=,ncL+NYK70BClTI4MRIZCN+MW3O0=
-58,-72,toSb5MrgQ+RXAe956wZnFNmbPXM=,ncL+NYK70BClTI4MRIZCN+MW3O0=
-56,-77,toSb5MrgQ+RXAe956wZnFNmbPXM=,lKj2fRZ5efqWseoPwiubCZuhIwI=
-55,-73,toSb5MrgQ+RXAe956wZnFNmbPXM=,lKj2fRZ5efqWseoPwiubCZuhIwI=
-59,-75,toSb5MrgQ+RXAe956wZnFNmbPXM=,1N7qLpK228h1QiyBsYlyoeZPXdI=
-59,-72,toSb5MrgQ+RXAe956wZnFNmbPXM=,ncL+NYK70BClTI4MRIZCN+MW3O0=
-52,-74,toSb5MrgQ+RXAe956wZnFNmbPXM=,lKj2fRZ5efqWseoPwiubCZuhIwI=
-53,-66,toSb5MrgQ+RXAe956wZnFNmbPXM=,mOP5qjh7edhrxRz3swkg3eRm2Uk=
-58,-78,toSb5MrgQ+RXAe956wZnFNmbPXM=,1N7qLpK228h1QiyBsYlyoeZPXdI=
-57,-78,toSb5MrgQ+RXAe956wZnFNmbPXM=,1N7qLpK228h1QiyBsYlyoeZPXdI=
-59,-78,toSb5MrgQ+RXAe956wZnFNmbPXM=,1N7qLpK228h1QiyBsYlyoeZPXdI=
-60,-72,toSb5MrgQ+RXAe956wZnFNmbPXM=,ncL+NYK70BClTI4MRIZCN+MW3O0=
-60,-78,toSb5MrgQ+RXAe956wZnFNmbPXM=,1N7qLpK228h1QiyBsYlyoeZPXdI=
-62,-78,toSb5MrgQ+RXAe956wZnFNmbPXM=,1N7qLpK228h1QiyBsYlyoeZPXdI=
-63,-78,toSb5MrgQ+RXAe956wZnFNmbPXM=,1N7qLpK228h1QiyBsYlyoeZPXdI=
-61,-78,toSb5MrgQ+RXAe956wZnFNmbPXM=,1N7qLpK228h1QiyBsYlyoeZPXdI=
-59,-67,toSb5MrgQ+RXAe956wZnFNmbPXM=,ncL+NYK70BClTI4MRIZCN+MW3O0=
-50,-66,toSb5MrgQ+RXAe956wZnFNmbPXM=,mOP5qjh7edhrxRz3swkg3eRm2Uk=
-56,-66,toSb5MrgQ+RXAe956wZnFNmbPXM=,mOP5qjh7edhrxRz3swkg3eRm2Uk=
-61,-68,toSb5MrgQ+RXAe956wZnFNmbPXM=,ncL+NYK70BClTI4MRIZCN+MW3O0=
-60,-67,toSb5MrgQ+RXAe956wZnFNmbPXM=,ncL+NYK70BClTI4MRIZCN+MW3O0=
-61,-72,toSb5MrgQ+RXAe956wZnFNmbPXM=,ncL+NYK70BClTI4MRIZCN+MW3O0=
-56,-78,toSb5MrgQ+RXAe956wZnFNmbPXM=,lKj2fRZ5efqWseoPwiubCZuhIwI=
-57,-79,toSb5MrgQ+RXAe956wZnFNmbPXM=,1N7qLpK228h1QiyBsYlyoeZPXdI=
-58,-75,toSb5MrgQ+RXAe956wZnFNmbPXM=,1N7qLpK228h1QiyBsYlyoeZPXdI=
-61,-67,toSb5MrgQ+RXAe956wZnFNmbPXM=,ncL+NYK70BClTI4MRIZCN+MW3O0=
-58,-79,toSb5MrgQ+RXAe956wZnFNmbPXM=,1N7qLpK228h1QiyBsYlyoeZPXdI=
-60,-71,Ll/7cmmDDblNG0zT1GjQnIjkMEk=,ncL+NYK70BClTI4MRIZCN+MW3O0=
-62,-72,toSb5MrgQ+RXAe956wZnFNmbPXM=,ncL+NYK70BClTI4MRIZCN+MW3O0=
-53,-72,toSb5MrgQ+RXAe956wZnFNmbPXM=,mOP5qjh7edhrxRz3swkg3eRm2Uk=
-59,-79,toSb5MrgQ+RXAe956wZnFNmbPXM=,1N7qLpK228h1QiyBsYlyoeZPXdI=
-53,-74,toSb5MrgQ+RXAe956wZnFNmbPXM=,lKj2fRZ5efqWseoPwiubCZuhIwI=
-63,-72,toSb5MrgQ+RXAe956wZnFNmbPXM=,ncL+NYK70BClTI4MRIZCN+MW3O0=
-62,-79,toSb5MrgQ+RXAe956wZnFNmbPXM=,1N7qLpK228h1QiyBsYlyoeZPXdI=
-51,-73,toSb5MrgQ+RXAe956wZnFNmbPXM=,lKj2fRZ5efqWseoPwiubCZuhIwI=
-60,-79,toSb5MrgQ+RXAe956wZnFNmbPXM=,1N7qLpK228h1QiyBsYlyoeZPXdI=
-57,-70,toSb5MrgQ+RXAe956wZnFNmbPXM=,ncL+NYK70BClTI4MRIZCN+MW3O0=
-53,-71,toSb5MrgQ+RXAe956wZnFNmbPXM=,mOP5qjh7edhrxRz3swkg3eRm2Uk=
-61,-79,toSb5MrgQ+RXAe956wZnFNmbPXM=,1N7qLpK228h1QiyBsYlyoeZPXdI=
-63,-79,toSb5MrgQ+RXAe956wZnFNmbPXM=,1N7qLpK228h1QiyBsYlyoeZPXdI=
-57,-73,toSb5MrgQ+RXAe956wZnFNmbPXM=,1N7qLpK228h1QiyBsYlyoeZPXdI=
-57,-75,toSb5MrgQ+RXAe956wZnFNmbPXM=,1N7qLpK228h1QiyBsYlyoeZPXdI=
-58,-73,toSb5MrgQ+RXAe956wZnFNmbPXM=,1N7qLpK228h1QiyBsYlyoeZPXdI=
-60,-73,Ll/7cmmDDblNG0zT1GjQnIjkMEk=,1N7qLpK228h1QiyBsYlyoeZPXdI=
-61,-73,Ll/7cmmDDblNG0zT1GjQnIjkMEk=,1N7qLpK228h1QiyBsYlyoeZPXdI=
-59,-73,Ll/7cmmDDblNG0zT1GjQnIjkMEk=,1N7qLpK228h1QiyBsYlyoeZPXdI=
-61,-71,toSb5MrgQ+RXAe956wZnFNmbPXM=,ncL+NYK70BClTI4MRIZCN+MW3O0=
-62,-73,Ll/7cmmDDblNG0zT1GjQnIjkMEk=,1N7qLpK228h1QiyBsYlyoeZPXdI=
-57,-74,toSb5MrgQ+RXAe956wZnFNmbPXM=,1N7qLpK228h1QiyBsYlyoeZPXdI=
-61,-74,toSb5MrgQ+RXAe956wZnFNmbPXM=,1N7qLpK228h1QiyBsYlyoeZPXdI=
-58,-74,toSb5MrgQ+RXAe956wZnFNmbPXM=,1N7qLpK228h1QiyBsYlyoeZPXdI=
-60,-74,toSb5MrgQ+RXAe956wZnFNmbPXM=,1N7qLpK228h1QiyBsYlyoeZPXdI=
-63,-73,toSb5MrgQ+RXAe956wZnFNmbPXM=,1N7qLpK228h1QiyBsYlyoeZPXdI=
-60,-68,toSb5MrgQ+RXAe956wZnFNmbPXM=,ncL+NYK70BClTI4MRIZCN+MW3O0=
-62,-74,toSb5MrgQ+RXAe956wZnFNmbPXM=,1N7qLpK228h1QiyBsYlyoeZPXdI=
-54,-70,toSb5MrgQ+RXAe956wZnFNmbPXM=,mOP5qjh7edhrxRz3swkg3eRm2Uk=
-56,-79,toSb5MrgQ+RXAe956wZnFNmbPXM=,lKj2fRZ5efqWseoPwiubCZuhIwI=
-59,-74,toSb5MrgQ+RXAe956wZnFNmbPXM=,1N7qLpK228h1QiyBsYlyoeZPXdI=
-51,-67,toSb5MrgQ+RXAe956wZnFNmbPXM=,mOP5qjh7edhrxRz3swkg3eRm2Uk=
-62,-71,toSb5MrgQ+RXAe956wZnFNmbPXM=,ncL+NYK70BClTI4MRIZCN+MW3O0=
-62,-67,toSb5MrgQ+RXAe956wZnFNmbPXM=,ncL+NYK70BClTI4MRIZCN+MW3O0=
-63,-74,toSb5MrgQ+RXAe956wZnFNmbPXM=,1N7qLpK228h1QiyBsYlyoeZPXdI=
-63,-71,toSb5MrgQ+RXAe956wZnFNmbPXM=,ncL+NYK70BClTI4MRIZCN+MW3O0=
-58,-68,toSb5MrgQ+RXAe956wZnFNmbPXM=,ncL+NYK70BClTI4MRIZCN+MW3O0=
-63,-67,toSb5MrgQ+RXAe956wZnFNmbPXM=,ncL+NYK70BClTI4MRIZCN+MW3O0=
-55,-74,toSb5MrgQ+RXAe956wZnFNmbPXM=,lKj2fRZ5efqWseoPwiubCZuhIwI=
-54,-74,toSb5MrgQ+RXAe956wZnFNmbPXM=,lKj2fRZ5efqWseoPwiubCZuhIwI=
-59,-68,toSb5MrgQ+RXAe956wZnFNmbPXM=,ncL+NYK70BClTI4MRIZCN+MW3O0=
-57,-66,toSb5MrgQ+RXAe956wZnFNmbPXM=,ncL+NYK70BClTI4MRIZCN+MW3O0=
-50,-75,toSb5MrgQ+RXAe956wZnFNmbPXM=,lKj2fRZ5efqWseoPwiubCZuhIwI=
-52,-75,toSb5MrgQ+RXAe956wZnFNmbPXM=,lKj2fRZ5efqWseoPwiubCZuhIwI=
-50,-73,toSb5MrgQ+RXAe956wZnFNmbPXM=,lKj2fRZ5efqWseoPwiubCZuhIwI=
-51,-75,toSb5MrgQ+RXAe956wZnFNmbPXM=,lKj2fRZ5efqWseoPwiubCZuhIwI=
-53,-75,toSb5MrgQ+RXAe956wZnFNmbPXM=,lKj2fRZ5efqWseoPwiubCZuhIwI=
-54,-66,toSb5MrgQ+RXAe956wZnFNmbPXM=,mOP5qjh7edhrxRz3swkg3eRm2Uk=
-55,-66,toSb5MrgQ+RXAe956wZnFNmbPXM=,mOP5qjh7edhrxRz3swkg3eRm2Uk=
-54,-75,toSb5MrgQ+RXAe956wZnFNmbPXM=,lKj2fRZ5efqWseoPwiubCZuhIwI=
-50,-76,toSb5MrgQ+RXAe956wZnFNmbPXM=,lKj2fRZ5efqWseoPwiubCZuhIwI=
-54,-69,toSb5MrgQ+RXAe956wZnFNmbPXM=,mOP5qjh7edhrxRz3swkg3eRm2Uk=
-55,-75,Ll/7cmmDDblNG0zT1GjQnIjkMEk=,lKj2fRZ5efqWseoPwiubCZuhIwI=
-53,-76,toSb5MrgQ+RXAe956wZnFNmbPXM=,lKj2fRZ5efqWseoPwiubCZuhIwI=
-51,-76,toSb5MrgQ+RXAe956wZnFNmbPXM=,lKj2fRZ5efqWseoPwiubCZuhIwI=
-50,-77,toSb5MrgQ+RXAe956wZnFNmbPXM=,lKj2fRZ5efqWseoPwiubCZuhIwI=
-52,-76,toSb5MrgQ+RXAe956wZnFNmbPXM=,lKj2fRZ5efqWseoPwiubCZuhIwI=
-52,-67,toSb5MrgQ+RXAe956wZnFNmbPXM=,mOP5qjh7edhrxRz3swkg3eRm2Uk=
-54,-76,Ll/7cmmDDblNG0zT1GjQnIjkMEk=,lKj2fRZ5efqWseoPwiubCZuhIwI=
-50,-68,toSb5MrgQ+RXAe956wZnFNmbPXM=,mOP5qjh7edhrxRz3swkg3eRm2Uk=
-51,-77,toSb5MrgQ+RXAe956wZnFNmbPXM=,lKj2fRZ5efqWseoPwiubCZuhIwI=
-63,-65,toSb5MrgQ+RXAe956wZnFNmbPXM=,ncL+NYK70BClTI4MRIZCN+MW3O0=
-55,-76,Ll/7cmmDDblNG0zT1GjQnIjkMEk=,lKj2fRZ5efqWseoPwiubCZuhIwI=
-54,-77,toSb5MrgQ+RXAe956wZnFNmbPXM=,lKj2fRZ5efqWseoPwiubCZuhIwI=
-53,-77,toSb5MrgQ+RXAe956wZnFNmbPXM=,lKj2fRZ5efqWseoPwiubCZuhIwI=
-55,-77,toSb5MrgQ+RXAe956wZnFNmbPXM=,lKj2fRZ5efqWseoPwiubCZuhIwI=
-57,-71,toSb5MrgQ+RXAe956wZnFNmbPXM=,ncL+NYK70BClTI4MRIZCN+MW3O0=
-50,-78,toSb5MrgQ+RXAe956wZnFNmbPXM=,lKj2fRZ5efqWseoPwiubCZuhIwI=
-52,-72,toSb5MrgQ+RXAe956wZnFNmbPXM=,mOP5qjh7edhrxRz3swkg3eRm2Uk=
-51,-78,toSb5MrgQ+RXAe956wZnFNmbPXM=,lKj2fRZ5efqWseoPwiubCZuhIwI=
-62,-65,toSb5MrgQ+RXAe956wZnFNmbPXM=,ncL+NYK70BClTI4MRIZCN+MW3O0=
-54,-71,toSb5MrgQ+RXAe956wZnFNmbPXM=,mOP5qjh7edhrxRz3swkg3eRm2Uk=
-53,-78,toSb5MrgQ+RXAe956wZnFNmbPXM=,lKj2fRZ5efqWseoPwiubCZuhIwI=
-55,-70,toSb5MrgQ+RXAe956wZnFNmbPXM=,mOP5qjh7edhrxRz3swkg3eRm2Uk=
-54,-78,toSb5MrgQ+RXAe956wZnFNmbPXM=,lKj2fRZ5efqWseoPwiubCZuhIwI=
-50,-79,toSb5MrgQ+RXAe956wZnFNmbPXM=,lKj2fRZ5efqWseoPwiubCZuhIwI=
-58,-65,toSb5MrgQ+RXAe956wZnFNmbPXM=,ncL+NYK70BClTI4MRIZCN+MW3O0=
-51,-79,toSb5MrgQ+RXAe956wZnFNmbPXM=,lKj2fRZ5efqWseoPwiubCZuhIwI=
-53,-79,toSb5MrgQ+RXAe956wZnFNmbPXM=,lKj2fRZ5efqWseoPwiubCZuhIwI=
-52,-79,toSb5MrgQ+RXAe956wZnFNmbPXM=,lKj2fRZ5efqWseoPwiubCZuhIwI=
-55,-78,toSb5MrgQ+RXAe956wZnFNmbPXM=,lKj2fRZ5efqWseoPwiubCZuhIwI=
-54,-79,toSb5MrgQ+RXAe956wZnFNmbPXM=,lKj2fRZ5efqWseoPwiubCZuhIwI=
-52,-78,toSb5MrgQ+RXAe956wZnFNmbPXM=,lKj2fRZ5efqWseoPwiubCZuhIwI=
-57,-67,toSb5MrgQ+RXAe956wZnFNmbPXM=,ncL+NYK70BClTI4MRIZCN+MW3O0=
-52,-65,toSb5MrgQ+RXAe956wZnFNmbPXM=,mOP5qjh7edhrxRz3swkg3eRm2Uk=
-52,-71,toSb5MrgQ+RXAe956wZnFNmbPXM=,mOP5qjh7edhrxRz3swkg3eRm2Uk=
-61,-65,toSb5MrgQ+RXAe956wZnFNmbPXM=,ncL+NYK70BClTI4MRIZCN+MW3O0=
-52,-77,toSb5MrgQ+RXAe956wZnFNmbPXM=,lKj2fRZ5efqWseoPwiubCZuhIwI=
-53,-69,toSb5MrgQ+RXAe956wZnFNmbPXM=,mOP5qjh7edhrxRz3swkg3eRm2Uk=
-59,-65,toSb5MrgQ+RXAe956wZnFNmbPXM=,ncL+NYK70BClTI4MRIZCN+MW3O0=
-60,-65,toSb5MrgQ+RXAe956wZnFNmbPXM=,ncL+NYK70BClTI4MRIZCN+MW3O0=
-55,-71,toSb5MrgQ+RXAe956wZnFNmbPXM=,mOP5qjh7edhrxRz3swkg3eRm2Uk=
-53,-67,toSb5MrgQ+RXAe956wZnFNmbPXM=,mOP5qjh7edhrxRz3swkg3eRm2Uk=
-56,-71,toSb5MrgQ+RXAe956wZnFNmbPXM=,mOP5qjh7edhrxRz3swkg3eRm2Uk=
-51,-65,toSb5MrgQ+RXAe956wZnFNmbPXM=,mOP5qjh7edhrxRz3swkg3eRm2Uk=
-54,-65,toSb5MrgQ+RXAe956wZnFNmbPXM=,mOP5qjh7edhrxRz3swkg3eRm2Uk=
-55,-65,toSb5MrgQ+RXAe956wZnFNmbPXM=,mOP5qjh7edhrxRz3swkg3eRm2Uk=
-51,-68,toSb5MrgQ+RXAe956wZnFNmbPXM=,mOP5qjh7edhrxRz3swkg3eRm2Uk=
-53,-65,toSb5MrgQ+RXAe956wZnFNmbPXM=,mOP5qjh7edhrxRz3swkg3eRm2Uk=
-50,-71,toSb5MrgQ+RXAe956wZnFNmbPXM=,mOP5qjh7edhrxRz3swkg3eRm2Uk=
-56,-70,toSb5MrgQ+RXAe956wZnFNmbPXM=,mOP5qjh7edhrxRz3swkg3eRm2Uk=
-56,-65,toSb5MrgQ+RXAe956wZnFNmbPXM=,mOP5qjh7edhrxRz3swkg3eRm2Uk=
-57,-65,toSb5MrgQ+RXAe956wZnFNmbPXM=,ncL+NYK70BClTI4MRIZCN+MW3O0=
-64,-68,toSb5MrgQ+RXAe956wZnFNmbPXM=,ncL+NYK70BClTI4MRIZCN+MW3O0=
-56,-68,toSb5MrgQ+RXAe956wZnFNmbPXM=,mOP5qjh7edhrxRz3swkg3eRm2Uk=
-52,-68,toSb5MrgQ+RXAe956wZnFNmbPXM=,mOP5qjh7edhrxRz3swkg3eRm2Uk=
-53,-68,toSb5MrgQ+RXAe956wZnFNmbPXM=,mOP5qjh7edhrxRz3swkg3eRm2Uk=
-64,-67,toSb5MrgQ+RXAe956wZnFNmbPXM=,ncL+NYK70BClTI4MRIZCN+MW3O0=
-54,-68,toSb5MrgQ+RXAe956wZnFNmbPXM=,mOP5qjh7edhrxRz3swkg3eRm2Uk=
-50,-65,toSb5MrgQ+RXAe956wZnFNmbPXM=,mOP5qjh7edhrxRz3swkg3eRm2Uk=
-57,-68,toSb5MrgQ+RXAe956wZnFNmbPXM=,ncL+NYK70BClTI4MRIZCN+MW3O0=
-64,-69,toSb5MrgQ+RXAe956wZnFNmbPXM=,ncL+NYK70BClTI4MRIZCN+MW3O0=
-57,-69,toSb5MrgQ+RXAe956wZnFNmbPXM=,ncL+NYK70BClTI4MRIZCN+MW3O0=
-64,-70,toSb5MrgQ+RXAe956wZnFNmbPXM=,ncL+NYK70BClTI4MRIZCN+MW3O0=
-54,-67,toSb5MrgQ+RXAe956wZnFNmbPXM=,mOP5qjh7edhrxRz3swkg3eRm2Uk=
-64,-66,toSb5MrgQ+RXAe956wZnFNmbPXM=,ncL+NYK70BClTI4MRIZCN+MW3O0=
-55,-67,toSb5MrgQ+RXAe956wZnFNmbPXM=,mOP5qjh7edhrxRz3swkg3eRm2Uk=
-64,-71,toSb5MrgQ+RXAe956wZnFNmbPXM=,ncL+NYK70BClTI4MRIZCN+MW3O0=
-50,-69,toSb5MrgQ+RXAe956wZnFNmbPXM=,mOP5qjh7edhrxRz3swkg3eRm2Uk=
-55,-68,toSb5MrgQ+RXAe956wZnFNmbPXM=,mOP5qjh7edhrxRz3swkg3eRm2Uk=
-51,-72,toSb5MrgQ+RXAe956wZnFNmbPXM=,mOP5qjh7edhrxRz3swkg3eRm2Uk=
-64,-65,toSb5MrgQ+RXAe956wZnFNmbPXM=,ncL+NYK70BClTI4MRIZCN+MW3O0=
-54,-72,toSb5MrgQ+RXAe956wZnFNmbPXM=,mOP5qjh7edhrxRz3swkg3eRm2Uk=
-64,-74,Ll/7cmmDDblNG0zT1GjQnIjkMEk=,1N7qLpK228h1QiyBsYlyoeZPXdI=
-50,-72,toSb5MrgQ+RXAe956wZnFNmbPXM=,mOP5qjh7edhrxRz3swkg3eRm2Uk=
-55,-72,toSb5MrgQ+RXAe956wZnFNmbPXM=,mOP5qjh7edhrxRz3swkg3eRm2Uk=
-64,-73,Ll/7cmmDDblNG0zT1GjQnIjkMEk=,1N7qLpK228h1QiyBsYlyoeZPXdI=
-64,-77,toSb5MrgQ+RXAe956wZnFNmbPXM=,1N7qLpK228h1QiyBsYlyoeZPXdI=
-64,-72,toSb5MrgQ+RXAe956wZnFNmbPXM=,ncL+NYK70BClTI4MRIZCN+MW3O0=
-51,-71,toSb5MrgQ+RXAe956wZnFNmbPXM=,mOP5qjh7edhrxRz3swkg3eRm2Uk=
-64,-79,toSb5MrgQ+RXAe956wZnFNmbPXM=,1N7qLpK228h1QiyBsYlyoeZPXdI=
-64,-78,toSb5MrgQ+RXAe956wZnFNmbPXM=,1N7qLpK228h1QiyBsYlyoeZPXdI=
-51,-69,toSb5MrgQ+RXAe956wZnFNmbPXM=,mOP5qjh7edhrxRz3swkg3eRm2Uk=
-56,-69,toSb5MrgQ+RXAe956wZnFNmbPXM=,mOP5qjh7edhrxRz3swkg3eRm2Uk=
-55,-80,toSb5MrgQ+RXAe956wZnFNmbPXM=,lKj2fRZ5efqWseoPwiubCZuhIwI=
-50,-70,toSb5MrgQ+RXAe956wZnFNmbPXM=,mOP5qjh7edhrxRz3swkg3eRm2Uk=
-55,-69,toSb5MrgQ+RXAe956wZnFNmbPXM=,mOP5qjh7edhrxRz3swkg3eRm2Uk=
-51,-70,toSb5MrgQ+RXAe956wZnFNmbPXM=,mOP5qjh7edhrxRz3swkg3eRm2Uk=
-64,-76,toSb5MrgQ+RXAe956wZnFNmbPXM=,1N7qLpK228h1QiyBsYlyoeZPXdI=
-64,-75,toSb5MrgQ+RXAe956wZnFNmbPXM=,1N7qLpK228h1QiyBsYlyoeZPXdI=
-53,-70,toSb5MrgQ+RXAe956wZnFNmbPXM=,mOP5qjh7edhrxRz3swkg3eRm2Uk=
-51,-80,toSb5MrgQ+RXAe956wZnFNmbPXM=,lKj2fRZ5efqWseoPwiubCZuhIwI=
-50,-80,toSb5MrgQ+RXAe956wZnFNmbPXM=,lKj2fRZ5efqWseoPwiubCZuhIwI=
-56,-80,toSb5MrgQ+RXAe956wZnFNmbPXM=,lKj2fRZ5efqWseoPwiubCZuhIwI=
-52,-69,toSb5MrgQ+RXAe956wZnFNmbPXM=,mOP5qjh7edhrxRz3swkg3eRm2Uk=
-54,-80,toSb5MrgQ+RXAe956wZnFNmbPXM=,lKj2fRZ5efqWseoPwiubCZuhIwI=
-52,-80,toSb5MrgQ+RXAe956wZnFNmbPXM=,lKj2fRZ5efqWseoPwiubCZuhIwI=
-57,-80,Ll/7cmmDDblNG0zT1GjQnIjkMEk=,1N7qLpK228h1QiyBsYlyoeZPXdI=
-53,-80,toSb5MrgQ+RXAe956wZnFNmbPXM=,lKj2fRZ5efqWseoPwiubCZuhIwI=
-63,-80,toSb5MrgQ+RXAe956wZnFNmbPXM=,1N7qLpK228h1QiyBsYlyoeZPXdI=
-49,-79,toSb5MrgQ+RXAe956wZnFNmbPXM=,lKj2fRZ5efqWseoPwiubCZuhIwI=
-58,-80,toSb5MrgQ+RXAe956wZnFNmbPXM=,1N7qLpK228h1QiyBsYlyoeZPXdI=
-49,-80,toSb5MrgQ+RXAe956wZnFNmbPXM=,lKj2fRZ5efqWseoPwiubCZuhIwI=
-60,-80,Ll/7cmmDDblNG0zT1GjQnIjkMEk=,1N7qLpK228h1QiyBsYlyoeZPXdI=
-61,-80,toSb5MrgQ+RXAe956wZnFNmbPXM=,1N7qLpK228h1QiyBsYlyoeZPXdI=
-52,-70,toSb5MrgQ+RXAe956wZnFNmbPXM=,mOP5qjh7edhrxRz3swkg3eRm2Uk=
-59,-80,Ll/7cmmDDblNG0zT1GjQnIjkMEk=,1N7qLpK228h1QiyBsYlyoeZPXdI=
-49,-75,toSb5MrgQ+RXAe956wZnFNmbPXM=,lKj2fRZ5efqWseoPwiubCZuhIwI=
-62,-80,toSb5MrgQ+RXAe956wZnFNmbPXM=,1N7qLpK228h1QiyBsYlyoeZPXdI=
-49,-74,toSb5MrgQ+RXAe956wZnFNmbPXM=,lKj2fRZ5efqWseoPwiubCZuhIwI=
-49,-76,toSb5MrgQ+RXAe956wZnFNmbPXM=,lKj2fRZ5efqWseoPwiubCZuhIwI=
-49,-77,toSb5MrgQ+RXAe956wZnFNmbPXM=,lKj2fRZ5efqWseoPwiubCZuhIwI=
-49,-67,toSb5MrgQ+RXAe956wZnFNmbPXM=,mOP5qjh7edhrxRz3swkg3eRm2Uk=
-49,-78,toSb5MrgQ+RXAe956wZnFNmbPXM=,lKj2fRZ5efqWseoPwiubCZuhIwI=
-49,-68,toSb5MrgQ+RXAe956wZnFNmbPXM=,mOP5qjh7edhrxRz3swkg3eRm2Uk=
-49,-66,toSb5MrgQ+RXAe956wZnFNmbPXM=,mOP5qjh7edhrxRz3swkg3eRm2Uk=
-64,-80,toSb5MrgQ+RXAe956wZnFNmbPXM=,1N7qLpK228h1QiyBsYlyoeZPXdI=
-49,-71,toSb5MrgQ+RXAe956wZnFNmbPXM=,mOP5qjh7edhrxRz3swkg3eRm2Uk=
-49,-72,toSb5MrgQ+RXAe956wZnFNmbPXM=,mOP5qjh7edhrxRz3swkg3eRm2Uk=
-49,-70,toSb5MrgQ+RXAe956wZnFNmbPXM=,mOP5qjh7edhrxRz3swkg3eRm2Uk=
-49,-65,toSb5MrgQ+RXAe956wZnFNmbPXM=,mOP5qjh7edhrxRz3swkg3eRm2Uk=
-49,-69,toSb5MrgQ+RXAe956wZnFNmbPXM=,mOP5qjh7edhrxRz3swkg3eRm2Uk=
-49,-73,toSb5MrgQ+RXAe956wZnFNmbPXM=,lKj2fRZ5efqWseoPwiubCZuhIwI=
