44,67,9OTcg41QYZPk9CM7yb48PVF3yiE=,q+72DiiVHzBZHCCdOBE4Lkda+7k=
44,77,9OTcg41QYZPk9CM7yb48PVF3yiE=,Z8n+YKQlLSdkc14i+hLbGN1v5v0=
43,67,9OTcg41QYZPk9CM7yb48PVF3yiE=,q+72DiiVHzBZHCCdOBE4Lkda+7k=
42,67,9OTcg41QYZPk9CM7yb48PVF3yiE=,q+72DiiVHzBZHCCdOBE4Lkda+7k=
46,66,9OTcg41QYZPk9CM7yb48PVF3yiE=,q+72DiiVHzBZHCCdOBE4Lkda+7k=
41,67,9OTcg41QYZPk9CM7yb48PVF3yiE=,q+72DiiVHzBZHCCdOBE4Lkda+7k=
45,66,9OTcg41QYZPk9CM7yb48PVF3yiE=,q+72DiiVHzBZHCCdOBE4Lkda+7k=
44,66,9OTcg41QYZPk9CM7yb48PVF3yiE=,q+72DiiVHzBZHCCdOBE4Lkda+7k=
43,66,9OTcg41QYZPk9CM7yb48PVF3yiE=,q+72DiiVHzBZHCCdOBE4Lkda+7k=
42,66,9OTcg41QYZPk9CM7yb48PVF3yiE=,q+72DiiVHzBZHCCdOBE4Lkda+7k=
46,65,9OTcg41QYZPk9CM7yb48PVF3yiE=,q+72DiiVHzBZHCCdOBE4Lkda+7k=
46,70,9OTcg41QYZPk9CM7yb48PVF3yiE=,q+72DiiVHzBZHCCdOBE4Lkda+7k=
45,70,9OTcg41QYZPk9CM7yb48PVF3yiE=,q+72DiiVHzBZHCCdOBE4Lkda+7k=
45,65,9OTcg41QYZPk9CM7yb48PVF3yiE=,q+72DiiVHzBZHCCdOBE4Lkda+7k=
41,66,9OTcg41QYZPk9CM7yb48PVF3yiE=,q+72DiiVHzBZHCCdOBE4Lkda+7k=
42,70,9OTcg41QYZPk9CM7yb48PVF3yiE=,q+72DiiVHzBZHCCdOBE4Lkda+7k=
43,70,9OTcg41QYZPk9CM7yb48PVF3yiE=,q+72DiiVHzBZHCCdOBE4Lkda+7k=
41,70,9OTcg41QYZPk9CM7yb48PVF3yiE=,q+72DiiVHzBZHCCdOBE4Lkda+7k=
43,65,9OTcg41QYZPk9CM7yb48PVF3yiE=,q+72DiiVHzBZHCCdOBE4Lkda+7k=
44,65,9OTcg41QYZPk9CM7yb48PVF3yiE=,q+72DiiVHzBZHCCdOBE4Lkda+7k=
42,65,9OTcg41QYZPk9CM7yb48PVF3yiE=,q+72DiiVHzBZHCCdOBE4Lkda+7k=
45,77,9OTcg41QYZPk9CM7yb48PVF3yiE=,Z8n+YKQlLSdkc14i+hLbGN1v5v0=
41,65,9OTcg41QYZPk9CM7yb48PVF3yiE=,q+72DiiVHzBZHCCdOBE4Lkda+7k=
43,77,9OTcg41QYZPk9CM7yb48PVF3yiE=,Z8n+YKQlLSdkc14i+hLbGN1v5v0=
40,78,9OTcg41QYZPk9CM7yb48PVF3yiE=,Z8n+YKQlLSdkc14i+hLbGN1v5v0=
46,69,/C21LesoVrDLGOOd7xWUmTa06MU=,q+72DiiVHzBZHCCdOBE4Lkda+7k=
45,69,/C21LesoVrDLGOOd7xWUmTa06MU=,q+72DiiVHzBZHCCdOBE4Lkda+7k=
44,70,9OTcg41QYZPk9CM7yb48PVF3yiE=,q+72DiiVHzBZHCCdOBE4Lkda+7k=
44,69,/C21LesoVrDLGOOd7xWUmTa06MU=,q+72DiiVHzBZHCCdOBE4Lkda+7k=
43,69,9OTcg41QYZPk9CM7yb48PVF3yiE=,q+72DiiVHzBZHCCdOBE4Lkda+7k=
41,69,9OTcg41QYZPk9CM7yb48PVF3yiE=,q+72DiiVHzBZHCCdOBE4Lkda+7k=
40,77,9OTcg41QYZPk9CM7yb48PVF3yiE=,Z8n+YKQlLSdkc14i+hLbGN1v5v0=
42,69,9OTcg41QYZPk9CM7yb48PVF3yiE=,q+72DiiVHzBZHCCdOBE4Lkda+7k=
46,68,9OTcg41QYZPk9CM7yb48PVF3yiE=,q+72DiiVHzBZHCCdOBE4Lkda+7k=
45,68,9OTcg41QYZPk9CM7yb48PVF3yiE=,q+72DiiVHzBZHCCdOBE4Lkda+7k=
42,77,9OTcg41QYZPk9CM7yb48PVF3yiE=,Z8n+YKQlLSdkc14i+hLbGN1v5v0=
38,78,9OTcg41QYZPk9CM7yb48PVF3yiE=,hkQMTOTRLoO3Zs8pAECIAl6+1Tk=
46,77,9OTcg41QYZPk9CM7yb48PVF3yiE=,Z8n+YKQlLSdkc14i+hLbGN1v5v0=
44,68,9OTcg41QYZPk9CM7yb48PVF3yiE=,q+72DiiVHzBZHCCdOBE4Lkda+7k=
39,78,9OTcg41QYZPk9CM7yb48PVF3yiE=,hkQMTOTRLoO3Zs8pAECIAl6+1Tk=
43,68,9OTcg41QYZPk9CM7yb48PVF3yiE=,q+72DiiVHzBZHCCdOBE4Lkda+7k=
33,73,9OTcg41QYZPk9CM7yb48PVF3yiE=,hkQMTOTRLoO3Zs8pAECIAl6+1Tk=
36,78,9OTcg41QYZPk9CM7yb48PVF3yiE=,hkQMTOTRLoO3Zs8pAECIAl6+1Tk=
42,68,9OTcg41QYZPk9CM7yb48PVF3yiE=,q+72DiiVHzBZHCCdOBE4Lkda+7k=
46,71,/C21LesoVrDLGOOd7xWUmTa06MU=,q+72DiiVHzBZHCCdOBE4Lkda+7k=
46,67,9OTcg41QYZPk9CM7yb48PVF3yiE=,q+72DiiVHzBZHCCdOBE4Lkda+7k=
41,68,9OTcg41QYZPk9CM7yb48PVF3yiE=,q+72DiiVHzBZHCCdOBE4Lkda+7k=
35,78,9OTcg41QYZPk9CM7yb48PVF3yiE=,hkQMTOTRLoO3Zs8pAECIAl6+1Tk=
45,67,9OTcg41QYZPk9CM7yb48PVF3yiE=,q+72DiiVHzBZHCCdOBE4Lkda+7k=
34,78,9OTcg41QYZPk9CM7yb48PVF3yiE=,hkQMTOTRLoO3Zs8pAECIAl6+1Tk=
41,77,9OTcg41QYZPk9CM7yb48PVF3yiE=,Z8n+YKQlLSdkc14i+hLbGN1v5v0=
41,72,9OTcg41QYZPk9CM7yb48PVF3yiE=,Z8n+YKQlLSdkc14i+hLbGN1v5v0=
37,78,9OTcg41QYZPk9CM7yb48PVF3yiE=,hkQMTOTRLoO3Zs8pAECIAl6+1Tk=
34,73,9OTcg41QYZPk9CM7yb48PVF3yiE=,hkQMTOTRLoO3Zs8pAECIAl6+1Tk=
45,71,/C21LesoVrDLGOOd7xWUmTa06MU=,q+72DiiVHzBZHCCdOBE4Lkda+7k=
43,71,/C21LesoVrDLGOOd7xWUmTa06MU=,q+72DiiVHzBZHCCdOBE4Lkda+7k=
44,71,/C21LesoVrDLGOOd7xWUmTa06MU=,q+72DiiVHzBZHCCdOBE4Lkda+7k=
36,71,9OTcg41QYZPk9CM7yb48PVF3yiE=,4hb13M5PWRLpOxrRY18xy8AGYtE=
45,76,9OTcg41QYZPk9CM7yb48PVF3yiE=,Z8n+YKQlLSdkc14i+hLbGN1v5v0=
46,76,9OTcg41QYZPk9CM7yb48PVF3yiE=,Z8n+YKQlLSdkc14i+hLbGN1v5v0=
41,71,9OTcg41QYZPk9CM7yb48PVF3yiE=,q+72DiiVHzBZHCCdOBE4Lkda+7k=
44,76,9OTcg41QYZPk9CM7yb48PVF3yiE=,Z8n+YKQlLSdkc14i+hLbGN1v5v0=
42,71,/C21LesoVrDLGOOd7xWUmTa06MU=,q+72DiiVHzBZHCCdOBE4Lkda+7k=
41,76,9OTcg41QYZPk9CM7yb48PVF3yiE=,Z8n+YKQlLSdkc14i+hLbGN1v5v0=
46,75,9OTcg41QYZPk9CM7yb48PVF3yiE=,Z8n+YKQlLSdkc14i+hLbGN1v5v0=
37,70,9OTcg41QYZPk9CM7yb48PVF3yiE=,4hb13M5PWRLpOxrRY18xy8AGYtE=
45,75,9OTcg41QYZPk9CM7yb48PVF3yiE=,Z8n+YKQlLSdkc14i+hLbGN1v5v0=
43,76,9OTcg41QYZPk9CM7yb48PVF3yiE=,Z8n+YKQlLSdkc14i+hLbGN1v5v0=
44,75,9OTcg41QYZPk9CM7yb48PVF3yiE=,Z8n+YKQlLSdkc14i+hLbGN1v5v0=
42,76,9OTcg41QYZPk9CM7yb48PVF3yiE=,Z8n+YKQlLSdkc14i+hLbGN1v5v0=
35,73,9OTcg41QYZPk9CM7yb48PVF3yiE=,hkQMTOTRLoO3Zs8pAECIAl6+1Tk=
42,72,9OTcg41QYZPk9CM7yb48PVF3yiE=,Z8n+YKQlLSdkc14i+hLbGN1v5v0=
47,67,9OTcg41QYZPk9CM7yb48PVF3yiE=,q+72DiiVHzBZHCCdOBE4Lkda+7k=
43,75,9OTcg41QYZPk9CM7yb48PVF3yiE=,Z8n+YKQlLSdkc14i+hLbGN1v5v0=
47,66,9OTcg41QYZPk9CM7yb48PVF3yiE=,q+72DiiVHzBZHCCdOBE4Lkda+7k=
47,70,9OTcg41QYZPk9CM7yb48PVF3yiE=,q+72DiiVHzBZHCCdOBE4Lkda+7k=
42,75,9OTcg41QYZPk9CM7yb48PVF3yiE=,Z8n+YKQlLSdkc14i+hLbGN1v5v0=
37,71,/C21LesoVrDLGOOd7xWUmTa06MU=,4hb13M5PWRLpOxrRY18xy8AGYtE=
41,75,9OTcg41QYZPk9CM7yb48PVF3yiE=,Z8n+YKQlLSdkc14i+hLbGN1v5v0=
47,69,/C21LesoVrDLGOOd7xWUmTa06MU=,q+72DiiVHzBZHCCdOBE4Lkda+7k=
47,65,9OTcg41QYZPk9CM7yb48PVF3yiE=,q+72DiiVHzBZHCCdOBE4Lkda+7k=
36,70,9OTcg41QYZPk9CM7yb48PVF3yiE=,4hb13M5PWRLpOxrRY18xy8AGYtE=
47,68,/C21LesoVrDLGOOd7xWUmTa06MU=,q+72DiiVHzBZHCCdOBE4Lkda+7k=
46,74,9OTcg41QYZPk9CM7yb48PVF3yiE=,Z8n+YKQlLSdkc14i+hLbGN1v5v0=
43,72,9OTcg41QYZPk9CM7yb48PVF3yiE=,Z8n+YKQlLSdkc14i+hLbGN1v5v0=
45,74,9OTcg41QYZPk9CM7yb48PVF3yiE=,Z8n+YKQlLSdkc14i+hLbGN1v5v0=
33,66,9OTcg41QYZPk9CM7yb48PVF3yiE=,4hb13M5PWRLpOxrRY18xy8AGYtE=
44,74,9OTcg41QYZPk9CM7yb48PVF3yiE=,Z8n+YKQlLSdkc14i+hLbGN1v5v0=
39,67,9OTcg41QYZPk9CM7yb48PVF3yiE=,4hb13M5PWRLpOxrRY18xy8AGYtE=
36,73,9OTcg41QYZPk9CM7yb48PVF3yiE=,hkQMTOTRLoO3Zs8pAECIAl6+1Tk=
41,78,9OTcg41QYZPk9CM7yb48PVF3yiE=,Z8n+YKQlLSdkc14i+hLbGN1v5v0=
38,71,/C21LesoVrDLGOOd7xWUmTa06MU=,4hb13M5PWRLpOxrRY18xy8AGYtE=
33,78,9OTcg41QYZPk9CM7yb48PVF3yiE=,hkQMTOTRLoO3Zs8pAECIAl6+1Tk=
39,77,9OTcg41QYZPk9CM7yb48PVF3yiE=,hkQMTOTRLoO3Zs8pAECIAl6+1Tk=
43,74,9OTcg41QYZPk9CM7yb48PVF3yiE=,Z8n+YKQlLSdkc14i+hLbGN1v5v0=
42,74,9OTcg41QYZPk9CM7yb48PVF3yiE=,Z8n+YKQlLSdkc14i+hLbGN1v5v0=
40,73,9OTcg41QYZPk9CM7yb48PVF3yiE=,Z8n+YKQlLSdkc14i+hLbGN1v5v0=
41,74,9OTcg41QYZPk9CM7yb48PVF3yiE=,Z8n+YKQlLSdkc14i+hLbGN1v5v0=
46,73,9OTcg41QYZPk9CM7yb48PVF3yiE=,Z8n+YKQlLSdkc14i+hLbGN1v5v0=
44,73,9OTcg41QYZPk9CM7yb48PVF3yiE=,Z8n+YKQlLSdkc14i+hLbGN1v5v0=
45,73,9OTcg41QYZPk9CM7yb48PVF3yiE=,Z8n+YKQlLSdkc14i+hLbGN1v5v0=
40,67,9OTcg41QYZPk9CM7yb48PVF3yiE=,q+72DiiVHzBZHCCdOBE4Lkda+7k=
37,77,9OTcg41QYZPk9CM7yb48PVF3yiE=,hkQMTOTRLoO3Zs8pAECIAl6+1Tk=
43,73,9OTcg41QYZPk9CM7yb48PVF3yiE=,Z8n+YKQlLSdkc14i+hLbGN1v5v0=
38,77,9OTcg41QYZPk9CM7yb48PVF3yiE=,hkQMTOTRLoO3Zs8pAECIAl6+1Tk=
39,71,/C21LesoVrDLGOOd7xWUmTa06MU=,4hb13M5PWRLpOxrRY18xy8AGYtE=
45,72,/C21LesoVrDLGOOd7xWUmTa06MU=,Z8n+YKQlLSdkc14i+hLbGN1v5v0=
42,78,9OTcg41QYZPk9CM7yb48PVF3yiE=,Z8n+YKQlLSdkc14i+hLbGN1v5v0=
46,72,/C21LesoVrDLGOOd7xWUmTa06MU=,Z8n+YKQlLSdkc14i+hLbGN1v5v0=
46,78,9OTcg41QYZPk9CM7yb48PVF3yiE=,Z8n+YKQlLSdkc14i+hLbGN1v5v0=
45,78,9OTcg41QYZPk9CM7yb48PVF3yiE=,Z8n+YKQlLSdkc14i+hLbGN1v5v0=
44,78,9OTcg41QYZPk9CM7yb48PVF3yiE=,Z8n+YKQlLSdkc14i+hLbGN1v5v0=
37,73,9OTcg41QYZPk9CM7yb48PVF3yiE=,hkQMTOTRLoO3Zs8pAECIAl6+1Tk=
44,72,/C21LesoVrDLGOOd7xWUmTa06MU=,Z8n+YKQlLSdkc14i+hLbGN1v5v0=
35,71,9OTcg41QYZPk9CM7yb48PVF3yiE=,4hb13M5PWRLpOxrRY18xy8AGYtE=
41,73,9OTcg41QYZPk9CM7yb48PVF3yiE=,Z8n+YKQlLSdkc14i+hLbGN1v5v0=
43,78,9OTcg41QYZPk9CM7yb48PVF3yiE=,Z8n+YKQlLSdkc14i+hLbGN1v5v0=
40,71,/C21LesoVrDLGOOd7xWUmTa06MU=,q+72DiiVHzBZHCCdOBE4Lkda+7k=
39,65,9OTcg41QYZPk9CM7yb48PVF3yiE=,4hb13M5PWRLpOxrRY18xy8AGYtE=
32,66,9OTcg41QYZPk9CM7yb48PVF3yiE=,4hb13M5PWRLpOxrRY18xy8AGYtE=
32,68,/C21LesoVrDLGOOd7xWUmTa06MU=,4hb13M5PWRLpOxrRY18xy8AGYtE=
40,66,9OTcg41QYZPk9CM7yb48PVF3yiE=,q+72DiiVHzBZHCCdOBE4Lkda+7k=
36,77,9OTcg41QYZPk9CM7yb48PVF3yiE=,hkQMTOTRLoO3Zs8pAECIAl6+1Tk=
42,73,9OTcg41QYZPk9CM7yb48PVF3yiE=,Z8n+YKQlLSdkc14i+hLbGN1v5v0=
36,65,9OTcg41QYZPk9CM7yb48PVF3yiE=,4hb13M5PWRLpOxrRY18xy8AGYtE=
38,73,9OTcg41QYZPk9CM7yb48PVF3yiE=,hkQMTOTRLoO3Zs8pAECIAl6+1Tk=
39,68,9OTcg41QYZPk9CM7yb48PVF3yiE=,4hb13M5PWRLpOxrRY18xy8AGYtE=
35,70,/C21LesoVrDLGOOd7xWUmTa06MU=,4hb13M5PWRLpOxrRY18xy8AGYtE=
34,71,9OTcg41QYZPk9CM7yb48PVF3yiE=,4hb13M5PWRLpOxrRY18xy8AGYtE=
33,67,9OTcg41QYZPk9CM7yb48PVF3yiE=,4hb13M5PWRLpOxrRY18xy8AGYtE=
32,70,/C21LesoVrDLGOOd7xWUmTa06MU=,4hb13M5PWRLpOxrRY18xy8AGYtE=
37,69,9OTcg41QYZPk9CM7yb48PVF3yiE=,4hb13M5PWRLpOxrRY18xy8AGYtE=
32,69,9OTcg41QYZPk9CM7yb48PVF3yiE=,4hb13M5PWRLpOxrRY18xy8AGYtE=
32,67,9OTcg41QYZPk9CM7yb48PVF3yiE=,4hb13M5PWRLpOxrRY18xy8AGYtE=
32,65,9OTcg41QYZPk9CM7yb48PVF3yiE=,4hb13M5PWRLpOxrRY18xy8AGYtE=
38,67,9OTcg41QYZPk9CM7yb48PVF3yiE=,4hb13M5PWRLpOxrRY18xy8AGYtE=
36,69,9OTcg41QYZPk9CM7yb48PVF3yiE=,4hb13M5PWRLpOxrRY18xy8AGYtE=
35,69,9OTcg41QYZPk9CM7yb48PVF3yiE=,4hb13M5PWRLpOxrRY18xy8AGYtE=
34,69,/C21LesoVrDLGOOd7xWUmTa06MU=,4hb13M5PWRLpOxrRY18xy8AGYtE=
33,71,9OTcg41QYZPk9CM7yb48PVF3yiE=,4hb13M5PWRLpOxrRY18xy8AGYtE=
34,67,9OTcg41QYZPk9CM7yb48PVF3yiE=,4hb13M5PWRLpOxrRY18xy8AGYtE=
38,68,9OTcg41QYZPk9CM7yb48PVF3yiE=,4hb13M5PWRLpOxrRY18xy8AGYtE=
33,69,/C21LesoVrDLGOOd7xWUmTa06MU=,4hb13M5PWRLpOxrRY18xy8AGYtE=
39,73,9OTcg41QYZPk9CM7yb48PVF3yiE=,hkQMTOTRLoO3Zs8pAECIAl6+1Tk=
40,65,9OTcg41QYZPk9CM7yb48PVF3yiE=,q+72DiiVHzBZHCCdOBE4Lkda+7k=
33,65,9OTcg41QYZPk9CM7yb48PVF3yiE=,4hb13M5PWRLpOxrRY18xy8AGYtE=
40,70,9OTcg41QYZPk9CM7yb48PVF3yiE=,q+72DiiVHzBZHCCdOBE4Lkda+7k=
38,66,9OTcg41QYZPk9CM7yb48PVF3yiE=,4hb13M5PWRLpOxrRY18xy8AGYtE=
35,65,9OTcg41QYZPk9CM7yb48PVF3yiE=,4hb13M5PWRLpOxrRY18xy8AGYtE=
37,65,9OTcg41QYZPk9CM7yb48PVF3yiE=,4hb13M5PWRLpOxrRY18xy8AGYtE=
34,65,9OTcg41QYZPk9CM7yb48PVF3yiE=,4hb13M5PWRLpOxrRY18xy8AGYtE=
37,67,9OTcg41QYZPk9CM7yb48PVF3yiE=,4hb13M5PWRLpOxrRY18xy8AGYtE=
39,66,9OTcg41QYZPk9CM7yb48PVF3yiE=,4hb13M5PWRLpOxrRY18xy8AGYtE=
34,70,/C21LesoVrDLGOOd7xWUmTa06MU=,4hb13M5PWRLpOxrRY18xy8AGYtE=
37,68,9OTcg41QYZPk9CM7yb48PVF3yiE=,4hb13M5PWRLpOxrRY18xy8AGYtE=
39,70,9OTcg41QYZPk9CM7yb48PVF3yiE=,4hb13M5PWRLpOxrRY18xy8AGYtE=
40,69,9OTcg41QYZPk9CM7yb48PVF3yiE=,q+72DiiVHzBZHCCdOBE4Lkda+7k=
36,79,9OTcg41QYZPk9CM7yb48PVF3yiE=,hkQMTOTRLoO3Zs8pAECIAl6+1Tk=
37,66,9OTcg41QYZPk9CM7yb48PVF3yiE=,4hb13M5PWRLpOxrRY18xy8AGYtE=
33,74,9OTcg41QYZPk9CM7yb48PVF3yiE=,hkQMTOTRLoO3Zs8pAECIAl6+1Tk=
36,66,9OTcg41QYZPk9CM7yb48PVF3yiE=,4hb13M5PWRLpOxrRY18xy8AGYtE=
35,79,9OTcg41QYZPk9CM7yb48PVF3yiE=,hkQMTOTRLoO3Zs8pAECIAl6+1Tk=
34,79,9OTcg41QYZPk9CM7yb48PVF3yiE=,hkQMTOTRLoO3Zs8pAECIAl6+1Tk=
38,79,9OTcg41QYZPk9CM7yb48PVF3yiE=,hkQMTOTRLoO3Zs8pAECIAl6+1Tk=
33,79,9OTcg41QYZPk9CM7yb48PVF3yiE=,hkQMTOTRLoO3Zs8pAECIAl6+1Tk=
38,70,9OTcg41QYZPk9CM7yb48PVF3yiE=,4hb13M5PWRLpOxrRY18xy8AGYtE=
37,79,9OTcg41QYZPk9CM7yb48PVF3yiE=,hkQMTOTRLoO3Zs8pAECIAl6+1Tk=
36,68,9OTcg41QYZPk9CM7yb48PVF3yiE=,4hb13M5PWRLpOxrRY18xy8AGYtE=
33,70,/C21LesoVrDLGOOd7xWUmTa06MU=,4hb13M5PWRLpOxrRY18xy8AGYtE=
35,77,9OTcg41QYZPk9CM7yb48PVF3yiE=,hkQMTOTRLoO3Zs8pAECIAl6+1Tk=
35,67,9OTcg41QYZPk9CM7yb48PVF3yiE=,4hb13M5PWRLpOxrRY18xy8AGYtE=
35,68,/C21LesoVrDLGOOd7xWUmTa06MU=,4hb13M5PWRLpOxrRY18xy8AGYtE=
36,67,9OTcg41QYZPk9CM7yb48PVF3yiE=,4hb13M5PWRLpOxrRY18xy8AGYtE=
39,69,9OTcg41QYZPk9CM7yb48PVF3yiE=,4hb13M5PWRLpOxrRY18xy8AGYtE=
33,68,/C21LesoVrDLGOOd7xWUmTa06MU=,4hb13M5PWRLpOxrRY18xy8AGYtE=
35,66,9OTcg41QYZPk9CM7yb48PVF3yiE=,4hb13M5PWRLpOxrRY18xy8AGYtE=
34,68,/C21LesoVrDLGOOd7xWUmTa06MU=,4hb13M5PWRLpOxrRY18xy8AGYtE=
34,74,9OTcg41QYZPk9CM7yb48PVF3yiE=,hkQMTOTRLoO3Zs8pAECIAl6+1Tk=
40,72,9OTcg41QYZPk9CM7yb48PVF3yiE=,Z8n+YKQlLSdkc14i+hLbGN1v5v0=
37,72,9OTcg41QYZPk9CM7yb48PVF3yiE=,hkQMTOTRLoO3Zs8pAECIAl6+1Tk=
38,72,9OTcg41QYZPk9CM7yb48PVF3yiE=,hkQMTOTRLoO3Zs8pAECIAl6+1Tk=
39,72,9OTcg41QYZPk9CM7yb48PVF3yiE=,hkQMTOTRLoO3Zs8pAECIAl6+1Tk=
35,74,9OTcg41QYZPk9CM7yb48PVF3yiE=,hkQMTOTRLoO3Zs8pAECIAl6+1Tk=
36,72,9OTcg41QYZPk9CM7yb48PVF3yiE=,hkQMTOTRLoO3Zs8pAECIAl6+1Tk=
40,68,9OTcg41QYZPk9CM7yb48PVF3yiE=,q+72DiiVHzBZHCCdOBE4Lkda+7k=
34,77,9OTcg41QYZPk9CM7yb48PVF3yiE=,hkQMTOTRLoO3Zs8pAECIAl6+1Tk=
32,72,9OTcg41QYZPk9CM7yb48PVF3yiE=,hkQMTOTRLoO3Zs8pAECIAl6+1Tk=
32,78,9OTcg41QYZPk9CM7yb48PVF3yiE=,hkQMTOTRLoO3Zs8pAECIAl6+1Tk=
32,77,9OTcg41QYZPk9CM7yb48PVF3yiE=,hkQMTOTRLoO3Zs8pAECIAl6+1Tk=
33,77,9OTcg41QYZPk9CM7yb48PVF3yiE=,hkQMTOTRLoO3Zs8pAECIAl6+1Tk=
32,74,9OTcg41QYZPk9CM7yb48PVF3yiE=,hkQMTOTRLoO3Zs8pAECIAl6+1Tk=
32,75,9OTcg41QYZPk9CM7yb48PVF3yiE=,hkQMTOTRLoO3Zs8pAECIAl6+1Tk=
32,73,9OTcg41QYZPk9CM7yb48PVF3yiE=,hkQMTOTRLoO3Zs8pAECIAl6+1Tk=
32,76,9OTcg41QYZPk9CM7yb48PVF3yiE=,hkQMTOTRLoO3Zs8pAECIAl6+1Tk=
32,71,/C21LesoVrDLGOOd7xWUmTa06MU=,4hb13M5PWRLpOxrRY18xy8AGYtE=
35,72,9OTcg41QYZPk9CM7yb48PVF3yiE=,hkQMTOTRLoO3Zs8pAECIAl6+1Tk=
34,72,9OTcg41QYZPk9CM7yb48PVF3yiE=,hkQMTOTRLoO3Zs8pAECIAl6+1Tk=
33,72,9OTcg41QYZPk9CM7yb48PVF3yiE=,hkQMTOTRLoO3Zs8pAECIAl6+1Tk=
38,69,9OTcg41QYZPk9CM7yb48PVF3yiE=,4hb13M5PWRLpOxrRY18xy8AGYtE=
40,74,9OTcg41QYZPk9CM7yb48PVF3yiE=,Z8n+YKQlLSdkc14i+hLbGN1v5v0=
34,66,9OTcg41QYZPk9CM7yb48PVF3yiE=,4hb13M5PWRLpOxrRY18xy8AGYtE=
38,65,9OTcg41QYZPk9CM7yb48PVF3yiE=,4hb13M5PWRLpOxrRY18xy8AGYtE=
38,76,9OTcg41QYZPk9CM7yb48PVF3yiE=,hkQMTOTRLoO3Zs8pAECIAl6+1Tk=
39,76,9OTcg41QYZPk9CM7yb48PVF3yiE=,hkQMTOTRLoO3Zs8pAECIAl6+1Tk=
40,76,9OTcg41QYZPk9CM7yb48PVF3yiE=,Z8n+YKQlLSdkc14i+hLbGN1v5v0=
35,76,9OTcg41QYZPk9CM7yb48PVF3yiE=,hkQMTOTRLoO3Zs8pAECIAl6+1Tk=
37,76,9OTcg41QYZPk9CM7yb48PVF3yiE=,hkQMTOTRLoO3Zs8pAECIAl6+1Tk=
34,76,9OTcg41QYZPk9CM7yb48PVF3yiE=,hkQMTOTRLoO3Zs8pAECIAl6+1Tk=
33,76,9OTcg41QYZPk9CM7yb48PVF3yiE=,hkQMTOTRLoO3Zs8pAECIAl6+1Tk=
36,76,9OTcg41QYZPk9CM7yb48PVF3yiE=,hkQMTOTRLoO3Zs8pAECIAl6+1Tk=
39,75,9OTcg41QYZPk9CM7yb48PVF3yiE=,hkQMTOTRLoO3Zs8pAECIAl6+1Tk=
40,75,9OTcg41QYZPk9CM7yb48PVF3yiE=,Z8n+YKQlLSdkc14i+hLbGN1v5v0=
47,77,9OTcg41QYZPk9CM7yb48PVF3yiE=,Z8n+YKQlLSdkc14i+hLbGN1v5v0=
38,75,9OTcg41QYZPk9CM7yb48PVF3yiE=,hkQMTOTRLoO3Zs8pAECIAl6+1Tk=
37,75,9OTcg41QYZPk9CM7yb48PVF3yiE=,hkQMTOTRLoO3Zs8pAECIAl6+1Tk=
36,74,9OTcg41QYZPk9CM7yb48PVF3yiE=,hkQMTOTRLoO3Zs8pAECIAl6+1Tk=
36,75,9OTcg41QYZPk9CM7yb48PVF3yiE=,hkQMTOTRLoO3Zs8pAECIAl6+1Tk=
35,75,9OTcg41QYZPk9CM7yb48PVF3yiE=,hkQMTOTRLoO3Zs8pAECIAl6+1Tk=
47,78,9OTcg41QYZPk9CM7yb48PVF3yiE=,Z8n+YKQlLSdkc14i+hLbGN1v5v0=
37,74,9OTcg41QYZPk9CM7yb48PVF3yiE=,hkQMTOTRLoO3Zs8pAECIAl6+1Tk=
34,75,9OTcg41QYZPk9CM7yb48PVF3yiE=,hkQMTOTRLoO3Zs8pAECIAl6+1Tk=
33,75,9OTcg41QYZPk9CM7yb48PVF3yiE=,hkQMTOTRLoO3Zs8pAECIAl6+1Tk=
38,74,9OTcg41QYZPk9CM7yb48PVF3yiE=,hkQMTOTRLoO3Zs8pAECIAl6+1Tk=
47,71,/C21LesoVrDLGOOd7xWUmTa06MU=,q+72DiiVHzBZHCCdOBE4Lkda+7k=
47,76,9OTcg41QYZPk9CM7yb48PVF3yiE=,Z8n+YKQlLSdkc14i+hLbGN1v5v0=
39,74,9OTcg41QYZPk9CM7yb48PVF3yiE=,hkQMTOTRLoO3Zs8pAECIAl6+1Tk=
47,72,/C21LesoVrDLGOOd7xWUmTa06MU=,Z8n+YKQlLSdkc14i+hLbGN1v5v0=
47,74,/C21LesoVrDLGOOd7xWUmTa06MU=,Z8n+YKQlLSdkc14i+hLbGN1v5v0=
47,75,/C21LesoVrDLGOOd7xWUmTa06MU=,Z8n+YKQlLSdkc14i+hLbGN1v5v0=
36,64,9OTcg41QYZPk9CM7yb48PVF3yiE=,4hb13M5PWRLpOxrRY18xy8AGYtE=
47,73,/C21LesoVrDLGOOd7xWUmTa06MU=,Z8n+YKQlLSdkc14i+hLbGN1v5v0=
39,79,9OTcg41QYZPk9CM7yb48PVF3yiE=,hkQMTOTRLoO3Zs8pAECIAl6+1Tk=
34,64,/C21LesoVrDLGOOd7xWUmTa06MU=,4hb13M5PWRLpOxrRY18xy8AGYtE=
35,64,/C21LesoVrDLGOOd7xWUmTa06MU=,4hb13M5PWRLpOxrRY18xy8AGYtE=
38,64,/C21LesoVrDLGOOd7xWUmTa06MU=,4hb13M5PWRLpOxrRY18xy8AGYtE=
33,64,9OTcg41QYZPk9CM7yb48PVF3yiE=,4hb13M5PWRLpOxrRY18xy8AGYtE=
45,79,9OTcg41QYZPk9CM7yb48PVF3yiE=,Z8n+YKQlLSdkc14i+hLbGN1v5v0=
47,79,/C21LesoVrDLGOOd7xWUmTa06MU=,Z8n+YKQlLSdkc14i+hLbGN1v5v0=
37,64,/C21LesoVrDLGOOd7xWUmTa06MU=,4hb13M5PWRLpOxrRY18xy8AGYtE=
44,79,9OTcg41QYZPk9CM7yb48PVF3yiE=,Z8n+YKQlLSdkc14i+hLbGN1v5v0=
42,79,9OTcg41QYZPk9CM7yb48PVF3yiE=,Z8n+YKQlLSdkc14i+hLbGN1v5v0=
40,79,9OTcg41QYZPk9CM7yb48PVF3yiE=,Z8n+YKQlLSdkc14i+hLbGN1v5v0=
41,79,9OTcg41QYZPk9CM7yb48PVF3yiE=,Z8n+YKQlLSdkc14i+hLbGN1v5v0=
43,79,9OTcg41QYZPk9CM7yb48PVF3yiE=,Z8n+YKQlLSdkc14i+hLbGN1v5v0=
46,79,9OTcg41QYZPk9CM7yb48PVF3yiE=,Z8n+YKQlLSdkc14i+hLbGN1v5v0=
46,64,9OTcg41QYZPk9CM7yb48PVF3yiE=,q+72DiiVHzBZHCCdOBE4Lkda+7k=
32,79,9OTcg41QYZPk9CM7yb48PVF3yiE=,hkQMTOTRLoO3Zs8pAECIAl6+1Tk=
44,64,9OTcg41QYZPk9CM7yb48PVF3yiE=,q+72DiiVHzBZHCCdOBE4Lkda+7k=
41,64,9OTcg41QYZPk9CM7yb48PVF3yiE=,q+72DiiVHzBZHCCdOBE4Lkda+7k=
47,64,9OTcg41QYZPk9CM7yb48PVF3yiE=,q+72DiiVHzBZHCCdOBE4Lkda+7k=
43,64,9OTcg41QYZPk9CM7yb48PVF3yiE=,q+72DiiVHzBZHCCdOBE4Lkda+7k=
40,64,9OTcg41QYZPk9CM7yb48PVF3yiE=,q+72DiiVHzBZHCCdOBE4Lkda+7k=
45,64,9OTcg41QYZPk9CM7yb48PVF3yiE=,q+72DiiVHzBZHCCdOBE4Lkda+7k=
42,64,9OTcg41QYZPk9CM7yb48PVF3yiE=,q+72DiiVHzBZHCCdOBE4Lkda+7k=
32,64,/C21LesoVrDLGOOd7xWUmTa06MU=,4hb13M5PWRLpOxrRY18xy8AGYtE=
39,64,/C21LesoVrDLGOOd7xWUmTa06MU=,4hb13M5PWRLpOxrRY18xy8AGYtE=
60,67,ftA9QyecrBC932CkJHLdP0x1PWw=,s+GfVWlqzrkLCA6OqFPMv7XOkgI=
52,65,ftA9QyecrBC932CkJHLdP0x1PWw=,XkcB1YvqFsdArIYibWyJor2seak=
59,67,ftA9QyecrBC932CkJHLdP0x1PWw=,s+GfVWlqzrkLCA6OqFPMv7XOkgI=
58,67,ftA9QyecrBC932CkJHLdP0x1PWw=,s+GfVWlqzrkLCA6OqFPMv7XOkgI=
57,67,ftA9QyecrBC932CkJHLdP0x1PWw=,s+GfVWlqzrkLCA6OqFPMv7XOkgI=
52,71,n2FZW8Hw09WKL/XXNDpqoZvTbuw=,XkcB1YvqFsdArIYibWyJor2seak=
53,70,ftA9QyecrBC932CkJHLdP0x1PWw=,XkcB1YvqFsdArIYibWyJor2seak=
49,66,ftA9QyecrBC932CkJHLdP0x1PWw=,XkcB1YvqFsdArIYibWyJor2seak=
62,66,ftA9QyecrBC932CkJHLdP0x1PWw=,s+GfVWlqzrkLCA6OqFPMv7XOkgI=
56,67,ftA9QyecrBC932CkJHLdP0x1PWw=,s+GfVWlqzrkLCA6OqFPMv7XOkgI=
55,65,ftA9QyecrBC932CkJHLdP0x1PWw=,XkcB1YvqFsdArIYibWyJor2seak=
52,70,ftA9QyecrBC932CkJHLdP0x1PWw=,XkcB1YvqFsdArIYibWyJor2seak=
61,66,ftA9QyecrBC932CkJHLdP0x1PWw=,s+GfVWlqzrkLCA6OqFPMv7XOkgI=
60,66,ftA9QyecrBC932CkJHLdP0x1PWw=,s+GfVWlqzrkLCA6OqFPMv7XOkgI=
59,66,ftA9QyecrBC932CkJHLdP0x1PWw=,s+GfVWlqzrkLCA6OqFPMv7XOkgI=
56,66,ftA9QyecrBC932CkJHLdP0x1PWw=,s+GfVWlqzrkLCA6OqFPMv7XOkgI=
57,66,ftA9QyecrBC932CkJHLdP0x1PWw=,s+GfVWlqzrkLCA6OqFPMv7XOkgI=
55,68,ftA9QyecrBC932CkJHLdP0x1PWw=,XkcB1YvqFsdArIYibWyJor2seak=
58,66,ftA9QyecrBC932CkJHLdP0x1PWw=,s+GfVWlqzrkLCA6OqFPMv7XOkgI=
60,77,ftA9QyecrBC932CkJHLdP0x1PWw=,XIbc0E9zZMPzItmsnuXtW7hHEK0=
50,67,ftA9QyecrBC932CkJHLdP0x1PWw=,XkcB1YvqFsdArIYibWyJor2seak=
51,71,ftA9QyecrBC932CkJHLdP0x1PWw=,XkcB1YvqFsdArIYibWyJor2seak=
59,77,ftA9QyecrBC932CkJHLdP0x1PWw=,XIbc0E9zZMPzItmsnuXtW7hHEK0=
53,71,n2FZW8Hw09WKL/XXNDpqoZvTbuw=,XkcB1YvqFsdArIYibWyJor2seak=
62,71,ftA9QyecrBC932CkJHLdP0x1PWw=,s+GfVWlqzrkLCA6OqFPMv7XOkgI=
50,71,ftA9QyecrBC932CkJHLdP0x1PWw=,XkcB1YvqFsdArIYibWyJor2seak=
62,70,ftA9QyecrBC932CkJHLdP0x1PWw=,s+GfVWlqzrkLCA6OqFPMv7XOkgI=
55,67,ftA9QyecrBC932CkJHLdP0x1PWw=,XkcB1YvqFsdArIYibWyJor2seak=
61,71,ftA9QyecrBC932CkJHLdP0x1PWw=,s+GfVWlqzrkLCA6OqFPMv7XOkgI=
58,77,ftA9QyecrBC932CkJHLdP0x1PWw=,XIbc0E9zZMPzItmsnuXtW7hHEK0=
56,70,ftA9QyecrBC932CkJHLdP0x1PWw=,s+GfVWlqzrkLCA6OqFPMv7XOkgI=
61,70,ftA9QyecrBC932CkJHLdP0x1PWw=,s+GfVWlqzrkLCA6OqFPMv7XOkgI=
49,67,ftA9QyecrBC932CkJHLdP0x1PWw=,XkcB1YvqFsdArIYibWyJor2seak=
51,70,ftA9QyecrBC932CkJHLdP0x1PWw=,XkcB1YvqFsdArIYibWyJor2seak=
53,78,ftA9QyecrBC932CkJHLdP0x1PWw=,uOue+0WMkWNzQfUMGqjqTq2wB3M=
54,68,ftA9QyecrBC932CkJHLdP0x1PWw=,XkcB1YvqFsdArIYibWyJor2seak=
52,78,ftA9QyecrBC932CkJHLdP0x1PWw=,uOue+0WMkWNzQfUMGqjqTq2wB3M=
55,71,n2FZW8Hw09WKL/XXNDpqoZvTbuw=,XkcB1YvqFsdArIYibWyJor2seak=
53,65,ftA9QyecrBC932CkJHLdP0x1PWw=,XkcB1YvqFsdArIYibWyJor2seak=
60,70,ftA9QyecrBC932CkJHLdP0x1PWw=,s+GfVWlqzrkLCA6OqFPMv7XOkgI=
59,70,ftA9QyecrBC932CkJHLdP0x1PWw=,s+GfVWlqzrkLCA6OqFPMv7XOkgI=
54,71,ftA9QyecrBC932CkJHLdP0x1PWw=,XkcB1YvqFsdArIYibWyJor2seak=
51,78,ftA9QyecrBC932CkJHLdP0x1PWw=,uOue+0WMkWNzQfUMGqjqTq2wB3M=
54,78,ftA9QyecrBC932CkJHLdP0x1PWw=,uOue+0WMkWNzQfUMGqjqTq2wB3M=
57,70,ftA9QyecrBC932CkJHLdP0x1PWw=,s+GfVWlqzrkLCA6OqFPMv7XOkgI=
62,65,ftA9QyecrBC932CkJHLdP0x1PWw=,s+GfVWlqzrkLCA6OqFPMv7XOkgI=
58,70,ftA9QyecrBC932CkJHLdP0x1PWw=,s+GfVWlqzrkLCA6OqFPMv7XOkgI=
56,77,ftA9QyecrBC932CkJHLdP0x1PWw=,XIbc0E9zZMPzItmsnuXtW7hHEK0=
57,77,ftA9QyecrBC932CkJHLdP0x1PWw=,XIbc0E9zZMPzItmsnuXtW7hHEK0=
61,65,ftA9QyecrBC932CkJHLdP0x1PWw=,s+GfVWlqzrkLCA6OqFPMv7XOkgI=
62,69,ftA9QyecrBC932CkJHLdP0x1PWw=,s+GfVWlqzrkLCA6OqFPMv7XOkgI=
50,78,ftA9QyecrBC932CkJHLdP0x1PWw=,uOue+0WMkWNzQfUMGqjqTq2wB3M=
56,65,ftA9QyecrBC932CkJHLdP0x1PWw=,s+GfVWlqzrkLCA6OqFPMv7XOkgI=
54,67,n2FZW8Hw09WKL/XXNDpqoZvTbuw=,XkcB1YvqFsdArIYibWyJor2seak=
49,71,n2FZW8Hw09WKL/XXNDpqoZvTbuw=,XkcB1YvqFsdArIYibWyJor2seak=
60,65,ftA9QyecrBC932CkJHLdP0x1PWw=,s+GfVWlqzrkLCA6OqFPMv7XOkgI=
53,68,ftA9QyecrBC932CkJHLdP0x1PWw=,XkcB1YvqFsdArIYibWyJor2seak=
49,78,ftA9QyecrBC932CkJHLdP0x1PWw=,uOue+0WMkWNzQfUMGqjqTq2wB3M=
59,65,n2FZW8Hw09WKL/XXNDpqoZvTbuw=,s+GfVWlqzrkLCA6OqFPMv7XOkgI=
57,65,n2FZW8Hw09WKL/XXNDpqoZvTbuw=,s+GfVWlqzrkLCA6OqFPMv7XOkgI=
59,71,ftA9QyecrBC932CkJHLdP0x1PWw=,s+GfVWlqzrkLCA6OqFPMv7XOkgI=
60,71,ftA9QyecrBC932CkJHLdP0x1PWw=,s+GfVWlqzrkLCA6OqFPMv7XOkgI=
52,68,ftA9QyecrBC932CkJHLdP0x1PWw=,XkcB1YvqFsdArIYibWyJor2seak=
54,77,ftA9QyecrBC932CkJHLdP0x1PWw=,uOue+0WMkWNzQfUMGqjqTq2wB3M=
52,77,ftA9QyecrBC932CkJHLdP0x1PWw=,uOue+0WMkWNzQfUMGqjqTq2wB3M=
53,77,ftA9QyecrBC932CkJHLdP0x1PWw=,uOue+0WMkWNzQfUMGqjqTq2wB3M=
58,71,ftA9QyecrBC932CkJHLdP0x1PWw=,s+GfVWlqzrkLCA6OqFPMv7XOkgI=
49,72,ftA9QyecrBC932CkJHLdP0x1PWw=,uOue+0WMkWNzQfUMGqjqTq2wB3M=
51,77,ftA9QyecrBC932CkJHLdP0x1PWw=,uOue+0WMkWNzQfUMGqjqTq2wB3M=
58,65,n2FZW8Hw09WKL/XXNDpqoZvTbuw=,s+GfVWlqzrkLCA6OqFPMv7XOkgI=
56,71,ftA9QyecrBC932CkJHLdP0x1PWw=,s+GfVWlqzrkLCA6OqFPMv7XOkgI=
57,71,ftA9QyecrBC932CkJHLdP0x1PWw=,s+GfVWlqzrkLCA6OqFPMv7XOkgI=
61,77,ftA9QyecrBC932CkJHLdP0x1PWw=,XIbc0E9zZMPzItmsnuXtW7hHEK0=
61,69,ftA9QyecrBC932CkJHLdP0x1PWw=,s+GfVWlqzrkLCA6OqFPMv7XOkgI=
50,72,ftA9QyecrBC932CkJHLdP0x1PWw=,uOue+0WMkWNzQfUMGqjqTq2wB3M=
62,76,ftA9QyecrBC932CkJHLdP0x1PWw=,XIbc0E9zZMPzItmsnuXtW7hHEK0=
49,77,ftA9QyecrBC932CkJHLdP0x1PWw=,uOue+0WMkWNzQfUMGqjqTq2wB3M=
61,76,ftA9QyecrBC932CkJHLdP0x1PWw=,XIbc0E9zZMPzItmsnuXtW7hHEK0=
51,68,ftA9QyecrBC932CkJHLdP0x1PWw=,XkcB1YvqFsdArIYibWyJor2seak=
59,69,ftA9QyecrBC932CkJHLdP0x1PWw=,s+GfVWlqzrkLCA6OqFPMv7XOkgI=
60,69,ftA9QyecrBC932CkJHLdP0x1PWw=,s+GfVWlqzrkLCA6OqFPMv7XOkgI=
58,69,ftA9QyecrBC932CkJHLdP0x1PWw=,s+GfVWlqzrkLCA6OqFPMv7XOkgI=
60,76,ftA9QyecrBC932CkJHLdP0x1PWw=,XIbc0E9zZMPzItmsnuXtW7hHEK0=
54,65,ftA9QyecrBC932CkJHLdP0x1PWw=,XkcB1YvqFsdArIYibWyJor2seak=
57,69,ftA9QyecrBC932CkJHLdP0x1PWw=,s+GfVWlqzrkLCA6OqFPMv7XOkgI=
53,76,ftA9QyecrBC932CkJHLdP0x1PWw=,uOue+0WMkWNzQfUMGqjqTq2wB3M=
60,68,ftA9QyecrBC932CkJHLdP0x1PWw=,s+GfVWlqzrkLCA6OqFPMv7XOkgI=
54,76,ftA9QyecrBC932CkJHLdP0x1PWw=,uOue+0WMkWNzQfUMGqjqTq2wB3M=
61,68,ftA9QyecrBC932CkJHLdP0x1PWw=,s+GfVWlqzrkLCA6OqFPMv7XOkgI=
62,68,ftA9QyecrBC932CkJHLdP0x1PWw=,s+GfVWlqzrkLCA6OqFPMv7XOkgI=
59,76,ftA9QyecrBC932CkJHLdP0x1PWw=,XIbc0E9zZMPzItmsnuXtW7hHEK0=
51,72,ftA9QyecrBC932CkJHLdP0x1PWw=,uOue+0WMkWNzQfUMGqjqTq2wB3M=
55,78,ftA9QyecrBC932CkJHLdP0x1PWw=,uOue+0WMkWNzQfUMGqjqTq2wB3M=
62,77,ftA9QyecrBC932CkJHLdP0x1PWw=,XIbc0E9zZMPzItmsnuXtW7hHEK0=
55,66,ftA9QyecrBC932CkJHLdP0x1PWw=,XkcB1YvqFsdArIYibWyJor2seak=
53,67,n2FZW8Hw09WKL/XXNDpqoZvTbuw=,XkcB1YvqFsdArIYibWyJor2seak=
52,76,ftA9QyecrBC932CkJHLdP0x1PWw=,uOue+0WMkWNzQfUMGqjqTq2wB3M=
51,76,ftA9QyecrBC932CkJHLdP0x1PWw=,uOue+0WMkWNzQfUMGqjqTq2wB3M=
59,68,ftA9QyecrBC932CkJHLdP0x1PWw=,s+GfVWlqzrkLCA6OqFPMv7XOkgI=
58,76,ftA9QyecrBC932CkJHLdP0x1PWw=,XIbc0E9zZMPzItmsnuXtW7hHEK0=
56,69,ftA9QyecrBC932CkJHLdP0x1PWw=,s+GfVWlqzrkLCA6OqFPMv7XOkgI=
58,68,ftA9QyecrBC932CkJHLdP0x1PWw=,s+GfVWlqzrkLCA6OqFPMv7XOkgI=
50,70,ftA9QyecrBC932CkJHLdP0x1PWw=,XkcB1YvqFsdArIYibWyJor2seak=
50,76,ftA9QyecrBC932CkJHLdP0x1PWw=,uOue+0WMkWNzQfUMGqjqTq2wB3M=
49,76,ftA9QyecrBC932CkJHLdP0x1PWw=,uOue+0WMkWNzQfUMGqjqTq2wB3M=
54,75,ftA9QyecrBC932CkJHLdP0x1PWw=,uOue+0WMkWNzQfUMGqjqTq2wB3M=
52,72,ftA9QyecrBC932CkJHLdP0x1PWw=,uOue+0WMkWNzQfUMGqjqTq2wB3M=
62,67,ftA9QyecrBC932CkJHLdP0x1PWw=,s+GfVWlqzrkLCA6OqFPMv7XOkgI=
53,66,ftA9QyecrBC932CkJHLdP0x1PWw=,XkcB1YvqFsdArIYibWyJor2seak=
57,76,ftA9QyecrBC932CkJHLdP0x1PWw=,XIbc0E9zZMPzItmsnuXtW7hHEK0=
53,75,ftA9QyecrBC932CkJHLdP0x1PWw=,uOue+0WMkWNzQfUMGqjqTq2wB3M=
55,77,ftA9QyecrBC932CkJHLdP0x1PWw=,uOue+0WMkWNzQfUMGqjqTq2wB3M=
50,66,ftA9QyecrBC932CkJHLdP0x1PWw=,XkcB1YvqFsdArIYibWyJor2seak=
56,72,ftA9QyecrBC932CkJHLdP0x1PWw=,XIbc0E9zZMPzItmsnuXtW7hHEK0=
56,76,ftA9QyecrBC932CkJHLdP0x1PWw=,XIbc0E9zZMPzItmsnuXtW7hHEK0=
49,70,ftA9QyecrBC932CkJHLdP0x1PWw=,XkcB1YvqFsdArIYibWyJor2seak=
54,66,ftA9QyecrBC932CkJHLdP0x1PWw=,XkcB1YvqFsdArIYibWyJor2seak=
61,67,ftA9QyecrBC932CkJHLdP0x1PWw=,s+GfVWlqzrkLCA6OqFPMv7XOkgI=
57,68,ftA9QyecrBC932CkJHLdP0x1PWw=,s+GfVWlqzrkLCA6OqFPMv7XOkgI=
52,75,ftA9QyecrBC932CkJHLdP0x1PWw=,uOue+0WMkWNzQfUMGqjqTq2wB3M=
53,72,ftA9QyecrBC932CkJHLdP0x1PWw=,uOue+0WMkWNzQfUMGqjqTq2wB3M=
50,77,ftA9QyecrBC932CkJHLdP0x1PWw=,uOue+0WMkWNzQfUMGqjqTq2wB3M=
61,75,ftA9QyecrBC932CkJHLdP0x1PWw=,XIbc0E9zZMPzItmsnuXtW7hHEK0=
51,75,ftA9QyecrBC932CkJHLdP0x1PWw=,uOue+0WMkWNzQfUMGqjqTq2wB3M=
62,75,ftA9QyecrBC932CkJHLdP0x1PWw=,XIbc0E9zZMPzItmsnuXtW7hHEK0=
57,72,ftA9QyecrBC932CkJHLdP0x1PWw=,XIbc0E9zZMPzItmsnuXtW7hHEK0=
55,76,ftA9QyecrBC932CkJHLdP0x1PWw=,uOue+0WMkWNzQfUMGqjqTq2wB3M=
50,75,ftA9QyecrBC932CkJHLdP0x1PWw=,uOue+0WMkWNzQfUMGqjqTq2wB3M=
54,69,ftA9QyecrBC932CkJHLdP0x1PWw=,XkcB1YvqFsdArIYibWyJor2seak=
49,75,ftA9QyecrBC932CkJHLdP0x1PWw=,uOue+0WMkWNzQfUMGqjqTq2wB3M=
50,68,ftA9QyecrBC932CkJHLdP0x1PWw=,XkcB1YvqFsdArIYibWyJor2seak=
60,75,ftA9QyecrBC932CkJHLdP0x1PWw=,XIbc0E9zZMPzItmsnuXtW7hHEK0=
53,74,ftA9QyecrBC932CkJHLdP0x1PWw=,uOue+0WMkWNzQfUMGqjqTq2wB3M=
54,74,ftA9QyecrBC932CkJHLdP0x1PWw=,uOue+0WMkWNzQfUMGqjqTq2wB3M=
52,74,ftA9QyecrBC932CkJHLdP0x1PWw=,uOue+0WMkWNzQfUMGqjqTq2wB3M=
55,70,ftA9QyecrBC932CkJHLdP0x1PWw=,XkcB1YvqFsdArIYibWyJor2seak=
59,75,ftA9QyecrBC932CkJHLdP0x1PWw=,XIbc0E9zZMPzItmsnuXtW7hHEK0=
63,66,ftA9QyecrBC932CkJHLdP0x1PWw=,s+GfVWlqzrkLCA6OqFPMv7XOkgI=
54,72,ftA9QyecrBC932CkJHLdP0x1PWw=,uOue+0WMkWNzQfUMGqjqTq2wB3M=
51,74,ftA9QyecrBC932CkJHLdP0x1PWw=,uOue+0WMkWNzQfUMGqjqTq2wB3M=
53,69,ftA9QyecrBC932CkJHLdP0x1PWw=,XkcB1YvqFsdArIYibWyJor2seak=
63,67,ftA9QyecrBC932CkJHLdP0x1PWw=,s+GfVWlqzrkLCA6OqFPMv7XOkgI=
50,74,ftA9QyecrBC932CkJHLdP0x1PWw=,uOue+0WMkWNzQfUMGqjqTq2wB3M=
52,69,ftA9QyecrBC932CkJHLdP0x1PWw=,XkcB1YvqFsdArIYibWyJor2seak=
63,70,ftA9QyecrBC932CkJHLdP0x1PWw=,s+GfVWlqzrkLCA6OqFPMv7XOkgI=
58,75,ftA9QyecrBC932CkJHLdP0x1PWw=,XIbc0E9zZMPzItmsnuXtW7hHEK0=
51,66,ftA9QyecrBC932CkJHLdP0x1PWw=,XkcB1YvqFsdArIYibWyJor2seak=
52,67,n2FZW8Hw09WKL/XXNDpqoZvTbuw=,XkcB1YvqFsdArIYibWyJor2seak=
63,65,ftA9QyecrBC932CkJHLdP0x1PWw=,s+GfVWlqzrkLCA6OqFPMv7XOkgI=
49,74,ftA9QyecrBC932CkJHLdP0x1PWw=,uOue+0WMkWNzQfUMGqjqTq2wB3M=
63,68,ftA9QyecrBC932CkJHLdP0x1PWw=,s+GfVWlqzrkLCA6OqFPMv7XOkgI=
49,68,n2FZW8Hw09WKL/XXNDpqoZvTbuw=,XkcB1YvqFsdArIYibWyJor2seak=
58,72,ftA9QyecrBC932CkJHLdP0x1PWw=,XIbc0E9zZMPzItmsnuXtW7hHEK0=
63,69,ftA9QyecrBC932CkJHLdP0x1PWw=,s+GfVWlqzrkLCA6OqFPMv7XOkgI=
57,75,ftA9QyecrBC932CkJHLdP0x1PWw=,XIbc0E9zZMPzItmsnuXtW7hHEK0=
56,75,ftA9QyecrBC932CkJHLdP0x1PWw=,XIbc0E9zZMPzItmsnuXtW7hHEK0=
49,73,ftA9QyecrBC932CkJHLdP0x1PWw=,uOue+0WMkWNzQfUMGqjqTq2wB3M=
62,74,ftA9QyecrBC932CkJHLdP0x1PWw=,XIbc0E9zZMPzItmsnuXtW7hHEK0=
52,66,ftA9QyecrBC932CkJHLdP0x1PWw=,XkcB1YvqFsdArIYibWyJor2seak=
59,72,ftA9QyecrBC932CkJHLdP0x1PWw=,XIbc0E9zZMPzItmsnuXtW7hHEK0=
50,73,ftA9QyecrBC932CkJHLdP0x1PWw=,uOue+0WMkWNzQfUMGqjqTq2wB3M=
55,75,ftA9QyecrBC932CkJHLdP0x1PWw=,uOue+0WMkWNzQfUMGqjqTq2wB3M=
61,74,ftA9QyecrBC932CkJHLdP0x1PWw=,XIbc0E9zZMPzItmsnuXtW7hHEK0=
54,73,ftA9QyecrBC932CkJHLdP0x1PWw=,uOue+0WMkWNzQfUMGqjqTq2wB3M=
54,70,ftA9QyecrBC932CkJHLdP0x1PWw=,XkcB1YvqFsdArIYibWyJor2seak=
53,73,ftA9QyecrBC932CkJHLdP0x1PWw=,uOue+0WMkWNzQfUMGqjqTq2wB3M=
60,74,ftA9QyecrBC932CkJHLdP0x1PWw=,XIbc0E9zZMPzItmsnuXtW7hHEK0=
51,69,ftA9QyecrBC932CkJHLdP0x1PWw=,XkcB1YvqFsdArIYibWyJor2seak=
52,73,ftA9QyecrBC932CkJHLdP0x1PWw=,uOue+0WMkWNzQfUMGqjqTq2wB3M=
59,74,ftA9QyecrBC932CkJHLdP0x1PWw=,XIbc0E9zZMPzItmsnuXtW7hHEK0=
51,73,ftA9QyecrBC932CkJHLdP0x1PWw=,uOue+0WMkWNzQfUMGqjqTq2wB3M=
55,74,ftA9QyecrBC932CkJHLdP0x1PWw=,uOue+0WMkWNzQfUMGqjqTq2wB3M=
57,74,ftA9QyecrBC932CkJHLdP0x1PWw=,XIbc0E9zZMPzItmsnuXtW7hHEK0=
56,74,ftA9QyecrBC932CkJHLdP0x1PWw=,XIbc0E9zZMPzItmsnuXtW7hHEK0=
63,77,ftA9QyecrBC932CkJHLdP0x1PWw=,XIbc0E9zZMPzItmsnuXtW7hHEK0=
62,73,ftA9QyecrBC932CkJHLdP0x1PWw=,XIbc0E9zZMPzItmsnuXtW7hHEK0=
58,74,ftA9QyecrBC932CkJHLdP0x1PWw=,XIbc0E9zZMPzItmsnuXtW7hHEK0=
56,78,ftA9QyecrBC932CkJHLdP0x1PWw=,XIbc0E9zZMPzItmsnuXtW7hHEK0=
63,71,ftA9QyecrBC932CkJHLdP0x1PWw=,s+GfVWlqzrkLCA6OqFPMv7XOkgI=
55,69,ftA9QyecrBC932CkJHLdP0x1PWw=,XkcB1YvqFsdArIYibWyJor2seak=
50,69,ftA9QyecrBC932CkJHLdP0x1PWw=,XkcB1YvqFsdArIYibWyJor2seak=
55,73,ftA9QyecrBC932CkJHLdP0x1PWw=,uOue+0WMkWNzQfUMGqjqTq2wB3M=
63,75,ftA9QyecrBC932CkJHLdP0x1PWw=,XIbc0E9zZMPzItmsnuXtW7hHEK0=
63,73,ftA9QyecrBC932CkJHLdP0x1PWw=,XIbc0E9zZMPzItmsnuXtW7hHEK0=
49,69,ftA9QyecrBC932CkJHLdP0x1PWw=,XkcB1YvqFsdArIYibWyJor2seak=
63,78,ftA9QyecrBC932CkJHLdP0x1PWw=,XIbc0E9zZMPzItmsnuXtW7hHEK0=
56,68,ftA9QyecrBC932CkJHLdP0x1PWw=,s+GfVWlqzrkLCA6OqFPMv7XOkgI=
63,74,ftA9QyecrBC932CkJHLdP0x1PWw=,XIbc0E9zZMPzItmsnuXtW7hHEK0=
61,73,ftA9QyecrBC932CkJHLdP0x1PWw=,XIbc0E9zZMPzItmsnuXtW7hHEK0=
63,76,ftA9QyecrBC932CkJHLdP0x1PWw=,XIbc0E9zZMPzItmsnuXtW7hHEK0=
60,73,ftA9QyecrBC932CkJHLdP0x1PWw=,XIbc0E9zZMPzItmsnuXtW7hHEK0=
51,67,ftA9QyecrBC932CkJHLdP0x1PWw=,XkcB1YvqFsdArIYibWyJor2seak=
60,72,ftA9QyecrBC932CkJHLdP0x1PWw=,XIbc0E9zZMPzItmsnuXtW7hHEK0=
51,65,ftA9QyecrBC932CkJHLdP0x1PWw=,XkcB1YvqFsdArIYibWyJor2seak=
50,65,ftA9QyecrBC932CkJHLdP0x1PWw=,XkcB1YvqFsdArIYibWyJor2seak=
57,79,ftA9QyecrBC932CkJHLdP0x1PWw=,XIbc0E9zZMPzItmsnuXtW7hHEK0=
63,72,ftA9QyecrBC932CkJHLdP0x1PWw=,XIbc0E9zZMPzItmsnuXtW7hHEK0=
58,79,ftA9QyecrBC932CkJHLdP0x1PWw=,XIbc0E9zZMPzItmsnuXtW7hHEK0=
58,73,ftA9QyecrBC932CkJHLdP0x1PWw=,XIbc0E9zZMPzItmsnuXtW7hHEK0=
61,78,ftA9QyecrBC932CkJHLdP0x1PWw=,XIbc0E9zZMPzItmsnuXtW7hHEK0=
59,73,ftA9QyecrBC932CkJHLdP0x1PWw=,XIbc0E9zZMPzItmsnuXtW7hHEK0=
57,78,ftA9QyecrBC932CkJHLdP0x1PWw=,XIbc0E9zZMPzItmsnuXtW7hHEK0=
49,65,ftA9QyecrBC932CkJHLdP0x1PWw=,XkcB1YvqFsdArIYibWyJor2seak=
52,79,ftA9QyecrBC932CkJHLdP0x1PWw=,uOue+0WMkWNzQfUMGqjqTq2wB3M=
57,73,ftA9QyecrBC932CkJHLdP0x1PWw=,XIbc0E9zZMPzItmsnuXtW7hHEK0=
56,73,ftA9QyecrBC932CkJHLdP0x1PWw=,XIbc0E9zZMPzItmsnuXtW7hHEK0=
55,72,ftA9QyecrBC932CkJHLdP0x1PWw=,uOue+0WMkWNzQfUMGqjqTq2wB3M=
62,78,ftA9QyecrBC932CkJHLdP0x1PWw=,XIbc0E9zZMPzItmsnuXtW7hHEK0=
59,79,ftA9QyecrBC932CkJHLdP0x1PWw=,XIbc0E9zZMPzItmsnuXtW7hHEK0=
62,72,ftA9QyecrBC932CkJHLdP0x1PWw=,XIbc0E9zZMPzItmsnuXtW7hHEK0=
58,78,ftA9QyecrBC932CkJHLdP0x1PWw=,XIbc0E9zZMPzItmsnuXtW7hHEK0=
51,79,ftA9QyecrBC932CkJHLdP0x1PWw=,uOue+0WMkWNzQfUMGqjqTq2wB3M=
50,79,ftA9QyecrBC932CkJHLdP0x1PWw=,uOue+0WMkWNzQfUMGqjqTq2wB3M=
53,79,ftA9QyecrBC932CkJHLdP0x1PWw=,uOue+0WMkWNzQfUMGqjqTq2wB3M=
55,79,ftA9QyecrBC932CkJHLdP0x1PWw=,uOue+0WMkWNzQfUMGqjqTq2wB3M=
49,79,ftA9QyecrBC932CkJHLdP0x1PWw=,uOue+0WMkWNzQfUMGqjqTq2wB3M=
56,79,ftA9QyecrBC932CkJHLdP0x1PWw=,XIbc0E9zZMPzItmsnuXtW7hHEK0=
54,79,ftA9QyecrBC932CkJHLdP0x1PWw=,uOue+0WMkWNzQfUMGqjqTq2wB3M=
60,78,ftA9QyecrBC932CkJHLdP0x1PWw=,XIbc0E9zZMPzItmsnuXtW7hHEK0=
61,72,ftA9QyecrBC932CkJHLdP0x1PWw=,XIbc0E9zZMPzItmsnuXtW7hHEK0=
62,79,ftA9QyecrBC932CkJHLdP0x1PWw=,XIbc0E9zZMPzItmsnuXtW7hHEK0=
59,78,ftA9QyecrBC932CkJHLdP0x1PWw=,XIbc0E9zZMPzItmsnuXtW7hHEK0=
60,79,ftA9QyecrBC932CkJHLdP0x1PWw=,XIbc0E9zZMPzItmsnuXtW7hHEK0=
48,73,ftA9QyecrBC932CkJHLdP0x1PWw=,uOue+0WMkWNzQfUMGqjqTq2wB3M=
48,78,ftA9QyecrBC932CkJHLdP0x1PWw=,uOue+0WMkWNzQfUMGqjqTq2wB3M=
48,76,ftA9QyecrBC932CkJHLdP0x1PWw=,uOue+0WMkWNzQfUMGqjqTq2wB3M=
61,79,ftA9QyecrBC932CkJHLdP0x1PWw=,XIbc0E9zZMPzItmsnuXtW7hHEK0=
48,75,ftA9QyecrBC932CkJHLdP0x1PWw=,uOue+0WMkWNzQfUMGqjqTq2wB3M=
48,74,ftA9QyecrBC932CkJHLdP0x1PWw=,uOue+0WMkWNzQfUMGqjqTq2wB3M=
48,72,ftA9QyecrBC932CkJHLdP0x1PWw=,uOue+0WMkWNzQfUMGqjqTq2wB3M=
52,64,ftA9QyecrBC932CkJHLdP0x1PWw=,XkcB1YvqFsdArIYibWyJor2seak=
48,71,ftA9QyecrBC932CkJHLdP0x1PWw=,XkcB1YvqFsdArIYibWyJor2seak=
48,70,ftA9QyecrBC932CkJHLdP0x1PWw=,XkcB1YvqFsdArIYibWyJor2seak=
48,69,ftA9QyecrBC932CkJHLdP0x1PWw=,XkcB1YvqFsdArIYibWyJor2seak=
49,64,ftA9QyecrBC932CkJHLdP0x1PWw=,XkcB1YvqFsdArIYibWyJor2seak=
51,64,ftA9QyecrBC932CkJHLdP0x1PWw=,XkcB1YvqFsdArIYibWyJor2seak=
48,66,ftA9QyecrBC932CkJHLdP0x1PWw=,XkcB1YvqFsdArIYibWyJor2seak=
48,68,ftA9QyecrBC932CkJHLdP0x1PWw=,XkcB1YvqFsdArIYibWyJor2seak=
53,64,ftA9QyecrBC932CkJHLdP0x1PWw=,XkcB1YvqFsdArIYibWyJor2seak=
54,64,n2FZW8Hw09WKL/XXNDpqoZvTbuw=,XkcB1YvqFsdArIYibWyJor2seak=
55,64,n2FZW8Hw09WKL/XXNDpqoZvTbuw=,XkcB1YvqFsdArIYibWyJor2seak=
48,65,ftA9QyecrBC932CkJHLdP0x1PWw=,XkcB1YvqFsdArIYibWyJor2seak=
50,64,ftA9QyecrBC932CkJHLdP0x1PWw=,XkcB1YvqFsdArIYibWyJor2seak=
63,64,ftA9QyecrBC932CkJHLdP0x1PWw=,s+GfVWlqzrkLCA6OqFPMv7XOkgI=
62,64,ftA9QyecrBC932CkJHLdP0x1PWw=,s+GfVWlqzrkLCA6OqFPMv7XOkgI=
61,64,ftA9QyecrBC932CkJHLdP0x1PWw=,s+GfVWlqzrkLCA6OqFPMv7XOkgI=
48,64,ftA9QyecrBC932CkJHLdP0x1PWw=,XkcB1YvqFsdArIYibWyJor2seak=
63,79,ftA9QyecrBC932CkJHLdP0x1PWw=,XIbc0E9zZMPzItmsnuXtW7hHEK0=
60,64,ftA9QyecrBC932CkJHLdP0x1PWw=,s+GfVWlqzrkLCA6OqFPMv7XOkgI=
48,79,ftA9QyecrBC932CkJHLdP0x1PWw=,uOue+0WMkWNzQfUMGqjqTq2wB3M=
59,64,n2FZW8Hw09WKL/XXNDpqoZvTbuw=,s+GfVWlqzrkLCA6OqFPMv7XOkgI=
56,64,ftA9QyecrBC932CkJHLdP0x1PWw=,s+GfVWlqzrkLCA6OqFPMv7XOkgI=
48,77,ftA9QyecrBC932CkJHLdP0x1PWw=,uOue+0WMkWNzQfUMGqjqTq2wB3M=
58,64,ftA9QyecrBC932CkJHLdP0x1PWw=,s+GfVWlqzrkLCA6OqFPMv7XOkgI=
48,67,ftA9QyecrBC932CkJHLdP0x1PWw=,XkcB1YvqFsdArIYibWyJor2seak=
57,64,ftA9QyecrBC932CkJHLdP0x1PWw=,s+GfVWlqzrkLCA6OqFPMv7XOkgI=
